-- MySQL dump 10.13  Distrib 8.0.33, for Linux (x86_64)
--
-- Host: localhost    Database: online_store_db
-- ------------------------------------------------------
-- Server version	8.0.33-0ubuntu0.20.04.2

/*!40101 SET @OLD_CHARACTER_SET_CLIENT=@@CHARACTER_SET_CLIENT */;
/*!40101 SET @OLD_CHARACTER_SET_RESULTS=@@CHARACTER_SET_RESULTS */;
/*!40101 SET @OLD_COLLATION_CONNECTION=@@COLLATION_CONNECTION */;
/*!50503 SET NAMES utf8mb4 */;
/*!40103 SET @OLD_TIME_ZONE=@@TIME_ZONE */;
/*!40103 SET TIME_ZONE='+00:00' */;
/*!40014 SET @OLD_UNIQUE_CHECKS=@@UNIQUE_CHECKS, UNIQUE_CHECKS=0 */;
/*!40014 SET @OLD_FOREIGN_KEY_CHECKS=@@FOREIGN_KEY_CHECKS, FOREIGN_KEY_CHECKS=0 */;
/*!40101 SET @OLD_SQL_MODE=@@SQL_MODE, SQL_MODE='NO_AUTO_VALUE_ON_ZERO' */;
/*!40111 SET @OLD_SQL_NOTES=@@SQL_NOTES, SQL_NOTES=0 */;

--
-- Table structure for table `cart_items`
--

DROP TABLE IF EXISTS `cart_items`;
/*!40101 SET @saved_cs_client     = @@character_set_client */;
/*!50503 SET character_set_client = utf8mb4 */;
CREATE TABLE `cart_items` (
  `quantity` int NOT NULL,
  `cart_id` varchar(60) NOT NULL,
  `product_id` varchar(60) NOT NULL,
  `id` varchar(60) NOT NULL,
  `created_at` datetime NOT NULL,
  `updated_at` datetime NOT NULL,
  PRIMARY KEY (`id`),
  KEY `cart_id` (`cart_id`),
  KEY `product_id` (`product_id`),
  CONSTRAINT `cart_items_ibfk_1` FOREIGN KEY (`cart_id`) REFERENCES `carts` (`id`) ON DELETE CASCADE,
  CONSTRAINT `cart_items_ibfk_2` FOREIGN KEY (`product_id`) REFERENCES `products` (`id`) ON DELETE CASCADE
) ENGINE=InnoDB DEFAULT CHARSET=utf8mb4 COLLATE=utf8mb4_0900_ai_ci;
/*!40101 SET character_set_client = @saved_cs_client */;

--
-- Dumping data for table `cart_items`
--

LOCK TABLES `cart_items` WRITE;
/*!40000 ALTER TABLE `cart_items` DISABLE KEYS */;
/*!40000 ALTER TABLE `cart_items` ENABLE KEYS */;
UNLOCK TABLES;

--
-- Table structure for table `carts`
--

DROP TABLE IF EXISTS `carts`;
/*!40101 SET @saved_cs_client     = @@character_set_client */;
/*!50503 SET character_set_client = utf8mb4 */;
CREATE TABLE `carts` (
  `status` varchar(60) DEFAULT NULL,
  `user_id` varchar(60) NOT NULL,
  `id` varchar(60) NOT NULL,
  `created_at` datetime NOT NULL,
  `updated_at` datetime NOT NULL,
  PRIMARY KEY (`id`),
  KEY `user_id` (`user_id`),
  CONSTRAINT `carts_ibfk_1` FOREIGN KEY (`user_id`) REFERENCES `users` (`id`) ON DELETE CASCADE
) ENGINE=InnoDB DEFAULT CHARSET=utf8mb4 COLLATE=utf8mb4_0900_ai_ci;
/*!40101 SET character_set_client = @saved_cs_client */;

--
-- Dumping data for table `carts`
--

LOCK TABLES `carts` WRITE;
/*!40000 ALTER TABLE `carts` DISABLE KEYS */;
/*!40000 ALTER TABLE `carts` ENABLE KEYS */;
UNLOCK TABLES;

--
-- Table structure for table `categories`
--

DROP TABLE IF EXISTS `categories`;
/*!40101 SET @saved_cs_client     = @@character_set_client */;
/*!50503 SET character_set_client = utf8mb4 */;
CREATE TABLE `categories` (
  `name` varchar(128) NOT NULL,
  `id` varchar(60) NOT NULL,
  `created_at` datetime NOT NULL,
  `updated_at` datetime NOT NULL,
  PRIMARY KEY (`id`)
) ENGINE=InnoDB DEFAULT CHARSET=utf8mb4 COLLATE=utf8mb4_0900_ai_ci;
/*!40101 SET character_set_client = @saved_cs_client */;

--
-- Dumping data for table `categories`
--

LOCK TABLES `categories` WRITE;
/*!40000 ALTER TABLE `categories` DISABLE KEYS */;
INSERT INTO `categories` VALUES ('dressings','154802f9-71dd-4903-b820-a7bcc7190c9b','2023-06-26 14:16:24','2023-06-26 14:16:24'),('jewelry','3b362581-2f5a-4a5f-8e20-13a8b4637b5c','2023-06-26 14:16:37','2023-06-26 14:16:37'),('shoe','6954a718-d0d2-4580-bd82-c28af5a43632','2023-06-26 14:16:28','2023-06-26 14:16:28'),('tech','8b045d3f-a6ba-4d80-b7cd-cbc802bce398','2023-06-26 14:16:33','2023-06-26 14:16:33');
/*!40000 ALTER TABLE `categories` ENABLE KEYS */;
UNLOCK TABLES;

--
-- Table structure for table `order_items`
--

DROP TABLE IF EXISTS `order_items`;
/*!40101 SET @saved_cs_client     = @@character_set_client */;
/*!50503 SET character_set_client = utf8mb4 */;
CREATE TABLE `order_items` (
  `quantity` int NOT NULL,
  `price` float NOT NULL,
  `order_id` varchar(60) NOT NULL,
  `product_id` varchar(60) NOT NULL,
  `id` varchar(60) NOT NULL,
  `created_at` datetime NOT NULL,
  `updated_at` datetime NOT NULL,
  PRIMARY KEY (`id`),
  KEY `order_id` (`order_id`),
  KEY `product_id` (`product_id`),
  CONSTRAINT `order_items_ibfk_1` FOREIGN KEY (`order_id`) REFERENCES `orders` (`id`) ON DELETE CASCADE,
  CONSTRAINT `order_items_ibfk_2` FOREIGN KEY (`product_id`) REFERENCES `products` (`id`) ON DELETE CASCADE
) ENGINE=InnoDB DEFAULT CHARSET=utf8mb4 COLLATE=utf8mb4_0900_ai_ci;
/*!40101 SET character_set_client = @saved_cs_client */;

--
-- Dumping data for table `order_items`
--

LOCK TABLES `order_items` WRITE;
/*!40000 ALTER TABLE `order_items` DISABLE KEYS */;
/*!40000 ALTER TABLE `order_items` ENABLE KEYS */;
UNLOCK TABLES;

--
-- Table structure for table `orders`
--

DROP TABLE IF EXISTS `orders`;
/*!40101 SET @saved_cs_client     = @@character_set_client */;
/*!50503 SET character_set_client = utf8mb4 */;
CREATE TABLE `orders` (
  `order_date` datetime NOT NULL,
  `status` varchar(60) DEFAULT NULL,
  `user_id` varchar(60) NOT NULL,
  `id` varchar(60) NOT NULL,
  `created_at` datetime NOT NULL,
  `updated_at` datetime NOT NULL,
  PRIMARY KEY (`id`),
  KEY `user_id` (`user_id`),
  CONSTRAINT `orders_ibfk_1` FOREIGN KEY (`user_id`) REFERENCES `users` (`id`) ON DELETE CASCADE
) ENGINE=InnoDB DEFAULT CHARSET=utf8mb4 COLLATE=utf8mb4_0900_ai_ci;
/*!40101 SET character_set_client = @saved_cs_client */;

--
-- Dumping data for table `orders`
--

LOCK TABLES `orders` WRITE;
/*!40000 ALTER TABLE `orders` DISABLE KEYS */;
/*!40000 ALTER TABLE `orders` ENABLE KEYS */;
UNLOCK TABLES;

--
-- Table structure for table `products`
--

DROP TABLE IF EXISTS `products`;
/*!40101 SET @saved_cs_client     = @@character_set_client */;
/*!50503 SET character_set_client = utf8mb4 */;
CREATE TABLE `products` (
  `name` varchar(128) NOT NULL,
  `price` float NOT NULL,
  `description` varchar(1024) DEFAULT NULL,
  `gender` enum('female','male','kid') DEFAULT NULL,
  `category_id` varchar(60) NOT NULL,
  `id` varchar(60) NOT NULL,
  `created_at` datetime NOT NULL,
  `updated_at` datetime NOT NULL,
  PRIMARY KEY (`id`),
  KEY `category_id` (`category_id`),
  CONSTRAINT `products_ibfk_1` FOREIGN KEY (`category_id`) REFERENCES `categories` (`id`) ON DELETE CASCADE
) ENGINE=InnoDB DEFAULT CHARSET=utf8mb4 COLLATE=utf8mb4_0900_ai_ci;
/*!40101 SET character_set_client = @saved_cs_client */;

--
-- Dumping data for table `products`
--

LOCK TABLES `products` WRITE;
/*!40000 ALTER TABLE `products` DISABLE KEYS */;
INSERT INTO `products` VALUES ('bra',13.22,'Made with super-soft brushed fabric for incredible comfort','female','154802f9-71dd-4903-b820-a7bcc7190c9b','094abe3c-8b40-43ef-a85e-7895a3e4ea11','2023-06-26 14:16:42','2023-06-26 14:16:42'),('other',39.99,'80% Suede, 20% Mesh, Rubber sole, Shaft measures approximately not_applicable from arch, Breathable, lightweight, Durable Lightweight rubber outsole','female','6954a718-d0d2-4580-bd82-c28af5a43632','0a190748-831f-4235-8e51-3ff95098f2e9','2023-06-26 14:16:42','2023-06-26 14:16:42'),('smartwatch',92,'WHY APPLE WATCH SE — All the essentials to help you monitor your fitness, keep connected, track your health, and stay safe. Now up to 20 percent faster, with features like Crash Detection and enhanced workout metrics, it’s a better value than ever.',NULL,'8b045d3f-a6ba-4d80-b7cd-cbc802bce398','0e79c2a9-695e-4154-a113-9131f26f187e','2023-06-26 14:16:43','2023-06-26 14:16:43'),('jacket',41.87,'CLASSIC FIT. Made with comfort in mind, this relaxed fit classic denim jacket can be worn alone or with layers on cooler days. With room through the torso, you won\'t feel restricted in movement','male','154802f9-71dd-4903-b820-a7bcc7190c9b','10112aca-4039-478d-9b75-8df81e4a95a6','2023-06-26 14:16:42','2023-06-26 14:16:42'),('loafer',36.95,'100% Textile, Rubber sole, Classic Alpargata, Earthwise textile uppers in recycled cotton or heritage canvas, Recycled cotton lining and footbed, Elastic gore for easy fit, Non-removable insole with 50% eco content (25% recycled PU foam, 15% recycled rubber, 10% bio oil)','male','6954a718-d0d2-4580-bd82-c28af5a43632','13a0e012-0986-4543-8f6c-d8cce11b01c0','2023-06-26 14:16:42','2023-06-26 14:16:42'),('trunks',17.44,'Body; Woven: 100% Polyester, Trim: 82% Nylon - 18% Chlorine Resist Spandex','female','154802f9-71dd-4903-b820-a7bcc7190c9b','184bad0f-d041-4ea0-abe8-c0aba568cd8a','2023-06-26 14:16:42','2023-06-26 14:16:42'),('heel',65.92,'Rubber sole, Mesh and TPU upper, Traditional lace closure, Bellows tongue keeps out debris, Breathable mesh lining, Kinetic Fit BASE removable contoured insole for flexible support','female','6954a718-d0d2-4580-bd82-c28af5a43632','19f4db31-7f0e-40b5-a252-2bf27c6dae60','2023-06-26 14:16:42','2023-06-26 14:16:42'),('smartphone',130.5,'Save up to 60 on a full-featured tablet (not a toy) for kids ages 3–7, 1 year of Amazon Kids+, and a Kid-Proof Case with built-in stand, versus items purchased separately.',NULL,'8b045d3f-a6ba-4d80-b7cd-cbc802bce398','23f2ed15-689f-4559-a8de-d28f7d21fe8c','2023-06-26 14:16:43','2023-06-26 14:16:43'),('sandal',24,'Rubber sole, Upper: Multi strap synthetic sandal, Footbed: Soft EVA with etched Roxy script, Outsole: TPR with Roxy heritage floral art','female','6954a718-d0d2-4580-bd82-c28af5a43632','2b886da2-9e5e-4c13-8751-19b17f3a4615','2023-06-26 14:16:43','2023-06-26 14:16:43'),('earring',67,'Sterling silver and shimmering moonstone accentuate each other perfectly, quiet sophistication with mystic femininity; The “woman in the moon”',NULL,'3b362581-2f5a-4a5f-8e20-13a8b4637b5c','2ea61e33-9413-4cdf-8845-8f0c90b21abd','2023-06-26 14:16:42','2023-06-26 14:16:42'),('t-shirt',4.99,'Lightweight cotton blend provides premium softness wash after wash','male','154802f9-71dd-4903-b820-a7bcc7190c9b','2ecb8d49-7afc-40c1-ade7-c85a41e7018d','2023-06-26 14:16:42','2023-06-26 14:16:42'),('running Shoe',47,'100% Leather and Synthetic, Imported, Man made sole, Shaft measures approximately low-top from arch, Slip-on Closure, Memory Foam Insole','male','6954a718-d0d2-4580-bd82-c28af5a43632','2fffab74-fb58-472a-82c2-d92c96fa2914','2023-06-26 14:16:42','2023-06-26 14:16:42'),('smart_home_bundle',52.5,'Turn traditional lights and devices into smart devices with the enhanced functionality of the Cync Outdoor Smart Plug like out of home control, scheduling, and scene setting.',NULL,'8b045d3f-a6ba-4d80-b7cd-cbc802bce398','3339ed9d-6642-4b75-a42c-deb8a1cd78c9','2023-06-26 14:16:43','2023-06-26 14:16:43'),('t-shirt',6.54,'SLUB COTTON – 100 percent cotton jersey has uneven, knotty finish that is soft to the touch. (Grey heather is a cotton/rayon/polyester blend.)','female','154802f9-71dd-4903-b820-a7bcc7190c9b','3444d63f-c142-430f-bde5-09ead3260f55','2023-06-26 14:16:42','2023-06-26 14:16:42'),('necklaces',54.55,'Versatile: A style made for whatever’s on your schedule that day. Pair it with your favorite cocktail dress or a casual pair of jeans – either way, this necklace is sure to shine.',NULL,'3b362581-2f5a-4a5f-8e20-13a8b4637b5c','35605122-faac-48c9-86c8-8090a2cce435','2023-06-26 14:16:42','2023-06-26 14:16:42'),('running Shoe',59,'Synthetic sole, Shaft measures approximately low-top from arch, Not water resistant, Closed Toe, Having solid pattern','male','6954a718-d0d2-4580-bd82-c28af5a43632','3bf8820c-03fe-422d-a6ca-3b7e397a1ed6','2023-06-26 14:16:42','2023-06-26 14:16:42'),('t-shirt',21.98,'Rapid-dry, interlock jersey knit wicks away moisture to keep you cool','male','154802f9-71dd-4903-b820-a7bcc7190c9b','3d6d30c9-739e-48d0-a6cf-32fa1f9248be','2023-06-26 14:16:42','2023-06-26 14:16:42'),('running Shoe',65.92,'Rubber sole, Mesh and TPU upper, Traditional lace closure, Bellows tongue keeps out debris, Breathable mesh lining, Kinetic Fit BASE removable contoured insole for flexible support','female','6954a718-d0d2-4580-bd82-c28af5a43632','4287e2db-6b4d-4916-9541-0e8666ab1009','2023-06-26 14:16:42','2023-06-26 14:16:42'),('jacket',30.98,'Full zip up closure with pockets','female','154802f9-71dd-4903-b820-a7bcc7190c9b','42bbecae-9abc-42a1-995d-c8ac09e1a07a','2023-06-26 14:16:42','2023-06-26 14:16:42'),('smart_home_bundle',330.5,'Alexa can show you even more - 8” HD touchscreen, adaptive color, and stereo speakers bring entertainment to life. Make video calls with a 13 MP camera that uses auto-framing to keep you centered.',NULL,'8b045d3f-a6ba-4d80-b7cd-cbc802bce398','44074998-d8f2-45d8-beb7-a9292a3017db','2023-06-26 14:16:43','2023-06-26 14:16:43'),('smart_home_bundle',94.5,'Built-in camera with 1080p HD video and wide angle view that helps busy homeowners know exactly who came in and when., Smartphone control lets you monitor your garage through a live feed or recorded event in the myQ app.',NULL,'8b045d3f-a6ba-4d80-b7cd-cbc802bce398','4b5414e7-2c7d-412e-9b5a-cfb286f20956','2023-06-26 14:16:43','2023-06-26 14:16:43'),('laptop',222.33,'NEWEST 8th Generation Intel Core i7-8565U + NVIDIA GeForce MX150 (2GB GDDR5 dedicated), Windows 10 Home 64 - Dark Ash Color, 16 GB DDR4-2400 SDRAM (2 x 8 GB), 512 GB PCIe NVMe M.2 SSD, HP Wide Vision FHD IR Camera with integrated dual array digital microphone',NULL,'8b045d3f-a6ba-4d80-b7cd-cbc802bce398','4eb7be15-2444-402f-af0e-aa4f8cd5c5f5','2023-06-26 14:16:43','2023-06-26 14:16:43'),('smartphone',30.5,'PORTABLE CHARGER: Ideal for power boosts and extending the life of your tablet, cell phone, Bluetooth speaker, e-reader or any other standard USB devices delivering 6700mAh Internal Battery and 2.4A of shared output power for up to 4x extra battery, WATERPROOF RUBBERIZED FINISH: Designed to withstand the most extreme outdoor conditions (waterproof, drop-resistant and dirt-proof) while camping, hiking or mountaineering or just simply on the go',NULL,'8b045d3f-a6ba-4d80-b7cd-cbc802bce398','521b4acb-003b-401f-b34e-780b94286e91','2023-06-26 14:16:43','2023-06-26 14:16:43'),('sandal',24,'Rubber sole, Moulded contour midsole with built-in arch, heel, and forefoot support','male','6954a718-d0d2-4580-bd82-c28af5a43632','52a3f7a8-0c84-48dd-9dd7-ccd3d8a01b55','2023-06-26 14:16:42','2023-06-26 14:16:42'),('jacket',35.44,'Zipper closure, Hand Wash Only, 1000MM fabric waterproof rating, 1000G/M2 fabric breathability rating','female','154802f9-71dd-4903-b820-a7bcc7190c9b','55d49011-c797-471e-a60d-12b56eecc8e7','2023-06-26 14:16:42','2023-06-26 14:16:42'),('smartwatch',79.95,'【1.39 inch HD Display】- This smartwatch has a 1.39” TFT LCD Full Touch Display with a 2D High Hardness Glass for super protection and a high resolution of 240*240 pixels The watch has 650 NITS Peak Brightness【Full Metal Body】- This watch is long lasting and durable with its metal body feature',NULL,'8b045d3f-a6ba-4d80-b7cd-cbc802bce398','5812cdb4-f4cb-4d10-85c2-935aaa7f15d7','2023-06-26 14:16:43','2023-06-26 14:16:43'),('earring',45.22,'Small heart stud earrings embellished with delicate black stone accents. Earrings are set in black metal with a post back closure.',NULL,'3b362581-2f5a-4a5f-8e20-13a8b4637b5c','58b8af13-849b-47d1-9b1a-e27dbb8a266e','2023-06-26 14:16:42','2023-06-26 14:16:42'),('smartphone',692,'Google Pixel 6a adapts to you; it’s super fast and secure and powered by Google Tensor, the first chip designed by Google just for Pixel.Form_factor : Bar.Other camera description:Front,Rear',NULL,'8b045d3f-a6ba-4d80-b7cd-cbc802bce398','59049101-0514-4345-9ab6-9ad67f6a49fd','2023-06-26 14:16:43','2023-06-26 14:16:43'),('earring',40.44,'Dangle earrings featuring bow and delicate chain with clear lucite heart drop embellished with mixed multi-colored stones. Earrings are set in light copper-tone metal with a lever back closure.',NULL,'3b362581-2f5a-4a5f-8e20-13a8b4637b5c','5c509acb-6e20-431f-8e35-2d0e2a9dd7f8','2023-06-26 14:16:42','2023-06-26 14:16:42'),('wireless_headphones',300,'NOISE CANCELLING WIRELESS HEADPHONES: The perfect balance of quiet, comfort, and sound. Bose uses tiny mics to measure, compare, and react to outside noise, cancelling it with opposite signals. Bluetooth range-up to 9 m (30 feet).',NULL,'8b045d3f-a6ba-4d80-b7cd-cbc802bce398','5e117f9c-c36d-434f-9794-fb5d860aabd5','2023-06-26 14:16:43','2023-06-26 14:16:43'),('loafer',78,'100% Leather, Man Made sole, Shaft measures approximately not_applicable from arch, Heel measures approximately 1.25, Platform measures approximately 0.5 inches, 1.5 inch platform with lug sole elevates these chunky menswear inspired women\'s loafers.','female','6954a718-d0d2-4580-bd82-c28af5a43632','5ec26321-8d27-49ca-9055-ef42bb26562d','2023-06-26 14:16:42','2023-06-26 14:16:42'),('trouser',19.88,'A True Performance Product','male','154802f9-71dd-4903-b820-a7bcc7190c9b','5f10d447-4885-4078-ae02-7ee7f576e3e4','2023-06-26 14:16:42','2023-06-26 14:16:42'),('sandal',25.95,'Rubber sole, 【COMFORTABLE SANDALS FOR GIRLS】: Our girl flat sandals adopt durable and soft skin-friendly materials. Breathable lining and soft cushioned insole enables all-day comfort, delicate stitching on the insole and cute flower vamp design, slip-resistant & flexible rubber sole ensure your girl safely walking and playing. The super cute toddler girl sandals must be a necessity in this hot weather','kid','6954a718-d0d2-4580-bd82-c28af5a43632','6419e0ae-b093-43f6-8045-58add0ba1477','2023-06-26 14:16:42','2023-06-26 14:16:42'),('running Shoe',42.95,'This product is made with Primegreen, a series of high-performance recycled materials. 50% of upper is recycled content. No virgin polyester.','male','6954a718-d0d2-4580-bd82-c28af5a43632','6898a8bb-426e-44be-b388-274a11994d6c','2023-06-26 14:16:42','2023-06-26 14:16:42'),('sandal',24.95,'Rubber sole, Quick-dry webbing made from recycled plastic using traceable, verifiable REPREVE polyester yarn by Unifi supports your foot and stands up to abuse','kid','6954a718-d0d2-4580-bd82-c28af5a43632','6ca2f161-9b15-4005-966c-746e8f0689f6','2023-06-26 14:16:42','2023-06-26 14:16:42'),('laptop',1420,'Latest 12th Generation Intel Core i7-1260P 12-Core Processor (Up to 4.70 GHz with Intel Turbo Boost technology, 18 MB Smart cache, 4 Performance + 8 Efficient cores, 16 threads)',NULL,'8b045d3f-a6ba-4d80-b7cd-cbc802bce398','6da752b9-bb50-4284-8cdf-19293a79f75e','2023-06-26 14:16:43','2023-06-26 14:16:43'),('trouser',16.22,'Made in USA or Imported, button closure','female','154802f9-71dd-4903-b820-a7bcc7190c9b','6e68fbcc-74cc-4fa5-9f5d-f9417d5235df','2023-06-26 14:16:42','2023-06-26 14:16:42'),('sandal',36.05,'Leather and Textile, Rubber sole, Platform measures approximately 1, Triple-texture thong sandal with sporty outdoor traction and contoured footbed','male','6954a718-d0d2-4580-bd82-c28af5a43632','736a7fdd-5af7-4b08-aa18-4a5e223b8d18','2023-06-26 14:16:43','2023-06-26 14:16:43'),('trunks',18.11,'BETAWAVE BOARD SHORTS: Take to the beach in the first ever board short equipped with the BallPark Pouch to keep you comfortable and supported both in and out of the water.','male','154802f9-71dd-4903-b820-a7bcc7190c9b','74c534e2-c269-46f1-9d23-5bb6ba0e13c4','2023-06-26 14:16:42','2023-06-26 14:16:42'),('trouser',17.23,'100% Wool','male','154802f9-71dd-4903-b820-a7bcc7190c9b','750a4e7f-02dd-4e4e-98fa-53554c222aa2','2023-06-26 14:16:42','2023-06-26 14:16:42'),('camera',900,'Improved Dual Pixel CMOS AF and eye detection AF 24.1 Megapixel CMOS (APS-C) sensor with is 100–6400 (H: 12800), Built-in Wi-Fi and NFC technology working temperature range: 32-104°F/0-40°C',NULL,'8b045d3f-a6ba-4d80-b7cd-cbc802bce398','759a58db-213c-4353-887d-4f3a6077e140','2023-06-26 14:16:43','2023-06-26 14:16:43'),('gaming_console',292,'Ever Expanding Library of Games - PlayStation is committed to continuously delivering new worlds of unexpected gaming experiences through PlayStationVR.',NULL,'8b045d3f-a6ba-4d80-b7cd-cbc802bce398','790cef69-da4d-4c18-a623-bb993df30c2e','2023-06-26 14:16:43','2023-06-26 14:16:43'),('trouser',15.98,'Fashion meets function: Style these dress pants with; a camisole for women, blouse, blazer, short-sleeve shirts for women, a sweater, turtleneck-women and a variety of button-down shirts; or for a more casual look, wear these pants for women with a tucked-in t-shirt','female','154802f9-71dd-4903-b820-a7bcc7190c9b','7d107da7-b73e-4ee9-bd26-8f7d8683c32d','2023-06-26 14:16:42','2023-06-26 14:16:42'),('jacket',44.2,'SOFT FABRIC: This Columbia Men\'s Steens Mountain Full Zip 2.0 Fleece Jacket is crafted of ultra-soft 100% polyester MTR filament fleece for the perfect amount of warmth','male','154802f9-71dd-4903-b820-a7bcc7190c9b','7eb44990-024d-45c1-a08d-8a37fc15c2a0','2023-06-26 14:16:42','2023-06-26 14:16:42'),('sandal',18.96,'DISNEY MINNIE MOUSE SANDALS FOR GIRLS - Get your little one ready for a season of fun and adventure with these adorable Minnie Mouse sandals. Whether they\'re strolling through the park or splashing in the water at the beach, these pink sandals are the perfect choice for any occasion.','kid','6954a718-d0d2-4580-bd82-c28af5a43632','822cf68e-7a94-46c5-87f7-2557d46b9a24','2023-06-26 14:16:42','2023-06-26 14:16:42'),('ring',11.12,'Elegant design, exquisite and clear, exudes a simple and simple atmosphere. No one will hide this excitement after receiving the gift.',NULL,'3b362581-2f5a-4a5f-8e20-13a8b4637b5c','83d643d1-25cb-4d1a-9463-18ccd18596be','2023-06-26 14:16:42','2023-06-26 14:16:42'),('suit',14.55,'SUIT PANT: From the comfort you know and love. The J.M. Haggar suit collection checks all of the boxes. Featuring a hidden expandable waistband, hook and bar closure, off seam front pockets, single welt back pockets in a classic fit flat front silhouette.','male','154802f9-71dd-4903-b820-a7bcc7190c9b','83f589e8-1329-4bec-8052-787479f8a2ec','2023-06-26 14:16:42','2023-06-26 14:16:42'),('wireless_mouse',92,'Compact Mouse: With a comfortable and contoured shape, this Logitech ambidextrous wireless mouse feels great in either right or left hand and is far superior to a touchpad',NULL,'8b045d3f-a6ba-4d80-b7cd-cbc802bce398','86c0809a-e5fb-4b1f-8ac3-3080b82cce92','2023-06-26 14:16:43','2023-06-26 14:16:43'),('wireless_headphones',132,'Feel the bass tuned to you - Listen to songs the way they were made to be heard. With Audiodo customization the Crusher Evo analyzes your hearing and produces sound specifically for YOU. Adjust the bass with a slide to produce bass you can feel!',NULL,'8b045d3f-a6ba-4d80-b7cd-cbc802bce398','88e1d353-e448-4763-938c-78e64fa9c4b6','2023-06-26 14:16:43','2023-06-26 14:16:43'),('trunks',19.22,'Block the Burn UPF 50+ delivers optimal sun protection so you can swim or lounge worry free.','male','154802f9-71dd-4903-b820-a7bcc7190c9b','937da544-b2b2-4bbd-b857-d18ec707833b','2023-06-26 14:16:42','2023-06-26 14:16:42'),('t-shirt',5.33,'%100 Cotton, taped neck and shoulders','male','154802f9-71dd-4903-b820-a7bcc7190c9b','943c01a1-d731-4de5-bf5e-8ef209820423','2023-06-26 14:16:42','2023-06-26 14:16:42'),('loafer',59.99,'Synthetic Rubber sole, Leather Material, Flat - Loafer, Buckle Closure','female','6954a718-d0d2-4580-bd82-c28af5a43632','97b71ffe-b659-4edd-ac52-18a36f761af5','2023-06-26 14:16:42','2023-06-26 14:16:42'),('gaming_console',292,'Compatible with game boy and game boy Color cartridges via open source software. Compatibility with game boy advance cartridges (beta function), Upscales to 720p 4:3/16:9 Aspect Ratio Switch',NULL,'8b045d3f-a6ba-4d80-b7cd-cbc802bce398','a23d5e1d-f407-469d-939e-d537b237d0c8','2023-06-26 14:16:43','2023-06-26 14:16:43'),('jacket',27.55,'100% WATERPROOF - lightweight, packable 100% Polypropylene. Adjustable, tuck away hood with E-Z push cord locks, front zip with snap down storm flap for reliable waterproof protection','male','154802f9-71dd-4903-b820-a7bcc7190c9b','a3a44cac-70a2-4220-b995-322de901b764','2023-06-26 14:16:42','2023-06-26 14:16:42'),('smart_home_bundle',89.99,'This Starter Kit includes one Ring Bridge to place indoors so you can get notifications, customize settings, and connect to other Ring devices - all from the Ring app.',NULL,'8b045d3f-a6ba-4d80-b7cd-cbc802bce398','a3f6dc60-62fb-42ef-b118-6ee0360fc880','2023-06-26 14:16:43','2023-06-26 14:16:43'),('speaker',129,'Take your listening experience to the next level with the JBL Pulse 3, The portable, waterproof Bluetooth speaker that combines 360° sound with 360° Lightshow',NULL,'8b045d3f-a6ba-4d80-b7cd-cbc802bce398','a808610d-1ea5-49e0-892f-a993ac0104cb','2023-06-26 14:16:43','2023-06-26 14:16:43'),('ring',28.88,'PURE 925 STERLING SILVER — Crafted to stand the test of time. Sterling Silver is 92.5% silver, mixed with alloys to add strength and durability.',NULL,'3b362581-2f5a-4a5f-8e20-13a8b4637b5c','ab8c602d-2699-4e0e-bbbb-02c5106b41f4','2023-06-26 14:16:42','2023-06-26 14:16:42'),('t-shirt',7.52,'QUALITY FABRIC. Hanes Perfect-T short-sleeve T-shirt is crafted from lightweight, ring-spun 100% cotton. Sourced American farms, the pre-shrunk cotton fabric feels as good as it looks.','female','154802f9-71dd-4903-b820-a7bcc7190c9b','adfc8e9b-0171-43cb-b7dc-9081ac0b91b5','2023-06-26 14:16:42','2023-06-26 14:16:42'),('charm',55,'Jewelry for love: channel your power with this alex and ani pineapple charm bangle, a constant reminder that you have a welcoming heart',NULL,'3b362581-2f5a-4a5f-8e20-13a8b4637b5c','b5f75889-97c0-4eef-9e2c-b4920d77ff7e','2023-06-26 14:16:42','2023-06-26 14:16:42'),('jacket',42.88,'100% Cotton, imported, and Snap closure','female','154802f9-71dd-4903-b820-a7bcc7190c9b','bbd0d3c4-593e-4637-b97c-a95959ba910d','2023-06-26 14:16:42','2023-06-26 14:16:42'),('t-shirt',9.84,'Machine Wash Warm Gentle Cycle. Colors Separately. Only Non-Chlorine Bleach When Needed. Tumble Dry Low. Do not use fabric softener','male','154802f9-71dd-4903-b820-a7bcc7190c9b','bce72925-aebe-45a9-9e8b-5aa167dca8fd','2023-06-26 14:16:42','2023-06-26 14:16:42'),('heel',49.99,'Fabric/Glass/Synthetic, Thermoplastic Elastomers sole, Shaft measures approximately Ankle from arch, Heel measures approximately 4, Boot opening measures approximately 8.75 around, Steve Madden','female','6954a718-d0d2-4580-bd82-c28af5a43632','bf16b3bf-5cb0-4ee5-96e3-594769afb171','2023-06-26 14:16:42','2023-06-26 14:16:42'),('running Shoe',45.5,'Polyurethane sole, Regular fit, Textile and synthetic upper, Slow-resilient padding around collar and tongue, Textile lining, Bounce midsole','male','6954a718-d0d2-4580-bd82-c28af5a43632','c59b0753-9caf-4964-a9c1-e49760f64063','2023-06-26 14:16:42','2023-06-26 14:16:42'),('laptop',1392,'【Memory & Storage】Memory is 8GB high-bandwidth RAM to smoothly run multiple applications and browser tabs all at once. Hard Drive is 256GB PCIe Solid State Drive which allows to fast bootup and data transfer, 【Processor】11th Gen Intel Core i3-1115G4 Dual-Core 3.0GHz Processor (6MB Intel Smart Cache, up to 4.10GHz) Intel UHD Graphics',NULL,'8b045d3f-a6ba-4d80-b7cd-cbc802bce398','c6d45fb2-8f3c-4bb4-8cd6-4188ab189336','2023-06-26 14:16:43','2023-06-26 14:16:43'),('smartphone',592,'Product 1: Free 6 months of Google One and Youtube Premium with purchase of OnePlus 11. (New accounts only for each service to qualify)',NULL,'8b045d3f-a6ba-4d80-b7cd-cbc802bce398','c7e2e17b-b137-40b6-bdad-a10dbba62022','2023-06-26 14:16:43','2023-06-26 14:16:43'),('VR_headset',200,'128GB Storage Capacity, Top VR Experience: Oculus Quest 2 features a blazing-fast processor, top hand-tracking system, and 1832 x 1920 Pixels Per Eye high-resolution display, offering an incredibly immersive and smooth VR gaming experience.',NULL,'8b045d3f-a6ba-4d80-b7cd-cbc802bce398','cd643081-c418-4ebb-8de8-aa1dd6c5d9fd','2023-06-26 14:16:43','2023-06-26 14:16:43'),('trunks',16.22,'Added stretch for maximum comfort and enhanced movement, contour pouch creates a flattering and smooth shape','male','154802f9-71dd-4903-b820-a7bcc7190c9b','ce902562-9e9c-4857-95a7-dcb2f8f7ad53','2023-06-26 14:16:42','2023-06-26 14:16:42'),('sandal',17.95,'100% Synthetic, Rubber sole, Shaft measures approximately 0-6 from arch, Platform measures approximately .5 inches, Lightweight, pillow soft slides that are quick-drying and made for an easy on-and-off','male','6954a718-d0d2-4580-bd82-c28af5a43632','d9b19479-3cf2-4373-9ef6-6d7de91544f4','2023-06-26 14:16:42','2023-06-26 14:16:42'),('wireless_mouse',82,'HERO Sensor - Next-generation HERO sensor delivers incredible performance and up to 10x the power efficiency over previous generations. HERO is an optical sensor capable of exceptional accuracy and responsiveness with 400 IPS precision and up to 12,000 DPI sensitivity.',NULL,'8b045d3f-a6ba-4d80-b7cd-cbc802bce398','dcd1f810-42da-4973-aa0f-71d5d7a991ec','2023-06-26 14:16:43','2023-06-26 14:16:43'),('necklaces',10,'Refined chain necklace adorned with vibrant pink roses and glistening stones at front. Necklace has an adjustable lobster clasp closure. Made from polished metal, glass and plastic.',NULL,'3b362581-2f5a-4a5f-8e20-13a8b4637b5c','e0dfd71f-450e-4e22-a63b-b9e404187b54','2023-06-26 14:16:42','2023-06-26 14:16:42'),('speaker',149,'STATE-OF-ART DESIGN: SoundLink Flex outdoor speaker is packed with exclusive technologies and a custom-engineered transducer for deep, clear, and immersive audio at home or on the go',NULL,'8b045d3f-a6ba-4d80-b7cd-cbc802bce398','e33ec436-018c-4ff1-a23b-78a7474076b4','2023-06-26 14:16:43','2023-06-26 14:16:43'),('smart_home_bundle',130.5,'Meet the Echo Dot - Our most popular smart speaker with Alexa. The sleek, compact design delivers crisp vocals and balanced bass for full sound., Voice control your entertainment - Stream songs from Amazon Music, Apple Music, Spotify, SiriusXM, and others. Play music, audiobooks, and podcasts throughout your home with multi-room music.',NULL,'8b045d3f-a6ba-4d80-b7cd-cbc802bce398','e599a11b-86a4-421c-bfac-86ed7d5e1181','2023-06-26 14:16:43','2023-06-26 14:16:43'),('heel',32.99,'Rubber sole, 100% VEGAN: Eco-friendly and in control. Buy these guilt-free, knowing your purchase is making no dent in the environment!, FEMININE DESIGN: The femme yet sleek sandal that will add a fancy flair to any outfit.','female','6954a718-d0d2-4580-bd82-c28af5a43632','e7147735-3bc3-4130-83e6-1a0964ebec63','2023-06-26 14:16:42','2023-06-26 14:16:42'),('wireless_headphones',39,'Long Battery Life: GO Air POP features 8+ hours of playtime in each earbud and 24+ extra hours from the charging case (32+ hours total). Return to the case to recharge the buds, and use the integrated USB cable to charge the case.',NULL,'8b045d3f-a6ba-4d80-b7cd-cbc802bce398','eb91170d-3ea8-47e4-aa9e-b90a838a7a6a','2023-06-26 14:16:43','2023-06-26 14:16:43'),('other',47.45,'100% Leather, Imported, Thermoplastic Elastomers sole, Heel measures approximately 0.98, These smart mens shoes with a square cap toe toe are crafted from a premium leather','male','6954a718-d0d2-4580-bd82-c28af5a43632','f2c25df5-7044-40c8-ab5b-bf9d7f6dcc16','2023-06-26 14:16:42','2023-06-26 14:16:42'),('trouser',18.98,'Quality comfort: These are the dress pants women love to wear to the office; crafted with our soft fabric blend, these pants are made to emphasize style and comfort','female','154802f9-71dd-4903-b820-a7bcc7190c9b','f77a16a2-0772-4264-87b0-dcdffcefbc2b','2023-06-26 14:16:42','2023-06-26 14:16:42'),('smartphone',892,'FLEX MODE: Free up your hands with Flex Mode on the Galaxy Z Fold4; This smartphone stands on its own so you can take notes during a conference call or follow along with instructional videos in real time',NULL,'8b045d3f-a6ba-4d80-b7cd-cbc802bce398','fa1eb069-478e-447f-b63e-60b60aaf3fa7','2023-06-26 14:16:43','2023-06-26 14:16:43'),('watche',24.21,'Adjustable black & brown 20 millimeter genuine leather and fabric strap fits up to 8-inch wrist circumference',NULL,'3b362581-2f5a-4a5f-8e20-13a8b4637b5c','faebf4f0-2181-4080-8f96-84ee26e9a7ea','2023-06-26 14:16:42','2023-06-26 14:16:42');
/*!40000 ALTER TABLE `products` ENABLE KEYS */;
UNLOCK TABLES;

--
-- Table structure for table `reviews`
--

DROP TABLE IF EXISTS `reviews`;
/*!40101 SET @saved_cs_client     = @@character_set_client */;
/*!50503 SET character_set_client = utf8mb4 */;
CREATE TABLE `reviews` (
  `comment` varchar(1024) NOT NULL,
  `rating` int DEFAULT NULL,
  `product_id` varchar(60) NOT NULL,
  `user_id` varchar(60) NOT NULL,
  `id` varchar(60) NOT NULL,
  `created_at` datetime NOT NULL,
  `updated_at` datetime NOT NULL,
  PRIMARY KEY (`id`),
  KEY `product_id` (`product_id`),
  KEY `user_id` (`user_id`),
  CONSTRAINT `reviews_ibfk_1` FOREIGN KEY (`product_id`) REFERENCES `products` (`id`) ON DELETE CASCADE,
  CONSTRAINT `reviews_ibfk_2` FOREIGN KEY (`user_id`) REFERENCES `users` (`id`) ON DELETE CASCADE,
  CONSTRAINT `reviews_chk_1` CHECK (((`rating` >= 0) and (`rating` <= 5)))
) ENGINE=InnoDB DEFAULT CHARSET=utf8mb4 COLLATE=utf8mb4_0900_ai_ci;
/*!40101 SET character_set_client = @saved_cs_client */;

--
-- Dumping data for table `reviews`
--

LOCK TABLES `reviews` WRITE;
/*!40000 ALTER TABLE `reviews` DISABLE KEYS */;
/*!40000 ALTER TABLE `reviews` ENABLE KEYS */;
UNLOCK TABLES;

--
-- Table structure for table `urls`
--

DROP TABLE IF EXISTS `urls`;
/*!40101 SET @saved_cs_client     = @@character_set_client */;
/*!50503 SET character_set_client = utf8mb4 */;
CREATE TABLE `urls` (
  `_type` varchar(60) DEFAULT NULL,
  `link` varchar(128) NOT NULL,
  `product_id` varchar(60) NOT NULL,
  `id` varchar(60) NOT NULL,
  `created_at` datetime NOT NULL,
  `updated_at` datetime NOT NULL,
  PRIMARY KEY (`id`),
  KEY `product_id` (`product_id`),
  CONSTRAINT `urls_ibfk_1` FOREIGN KEY (`product_id`) REFERENCES `products` (`id`) ON DELETE CASCADE
) ENGINE=InnoDB DEFAULT CHARSET=utf8mb4 COLLATE=utf8mb4_0900_ai_ci;
/*!40101 SET character_set_client = @saved_cs_client */;

--
-- Dumping data for table `urls`
--

LOCK TABLES `urls` WRITE;
/*!40000 ALTER TABLE `urls` DISABLE KEYS */;
INSERT INTO `urls` VALUES ('shoe','https://m.media-amazon.com/images/I/71AkqIKmafL._AC_UY695_.jpg','e7147735-3bc3-4130-83e6-1a0964ebec63','00381a57-22fb-444a-a90d-9b6be9fde130','2023-06-26 14:16:42','2023-06-26 14:16:42'),('dressings','https://m.media-amazon.com/images/I/51bQ0ph8akL._AC_UX522_.jpg','6e68fbcc-74cc-4fa5-9f5d-f9417d5235df','01242d66-8c9d-4739-aa56-565fe08df48c','2023-06-26 14:16:42','2023-06-26 14:16:42'),('dressings','https://m.media-amazon.com/images/I/41l8vBfYADL._AC_UX385_.jpg','184bad0f-d041-4ea0-abe8-c0aba568cd8a','035721d0-ae87-4419-8404-3c3671a2892e','2023-06-26 14:16:42','2023-06-26 14:16:42'),('dressings','https://m.media-amazon.com/images/I/71aq32ToyGL._AC_UX522_.jpg','bce72925-aebe-45a9-9e8b-5aa167dca8fd','03a69a4c-932d-4f85-82b7-48d7a5e051fb','2023-06-26 14:16:42','2023-06-26 14:16:42'),('dressings','https://m.media-amazon.com/images/I/61-UuuM2byL._AC_SY500._SX._UX._SY._UY_.jpg','42bbecae-9abc-42a1-995d-c8ac09e1a07a','03db851a-3a5a-4093-b747-0a391e55be4e','2023-06-26 14:16:42','2023-06-26 14:16:42'),('dressings','https://m.media-amazon.com/images/I/61RTHleu6LL._AC_UX522_.jpg','3d6d30c9-739e-48d0-a6cf-32fa1f9248be','04689438-0a1a-4aad-b7e4-2a454a773ae0','2023-06-26 14:16:42','2023-06-26 14:16:42'),('tech','https://m.media-amazon.com/images/I/51H7WojvufL._AC_SL1500_.jpg','521b4acb-003b-401f-b34e-780b94286e91','04cd5d3b-d68a-410d-9908-4ac2a5ade55c','2023-06-26 14:16:43','2023-06-26 14:16:43'),('dressings','https://m.media-amazon.com/images/I/711Y9xiUiHL._AC_UY500_.jpg','5f10d447-4885-4078-ae02-7ee7f576e3e4','04df230a-fd0e-4bc9-b37a-49771af1c5b6','2023-06-26 14:16:42','2023-06-26 14:16:42'),('tech','https://m.media-amazon.com/images/I/61XILiwzF0L._AC_SL1500_.jpg','a808610d-1ea5-49e0-892f-a993ac0104cb','07d96d4e-75e8-4fe7-9075-c8bd84b759e3','2023-06-26 14:16:43','2023-06-26 14:16:43'),('jewelry','https://m.media-amazon.com/images/I/51TFmMUGF1L._AC_.jpg','faebf4f0-2181-4080-8f96-84ee26e9a7ea','0967b326-20aa-41eb-ac11-c397068b1fd7','2023-06-26 14:16:42','2023-06-26 14:16:42'),('jewelry','https://m.media-amazon.com/images/I/71iWJOlcRcL._AC_UX695_.jpg','58b8af13-849b-47d1-9b1a-e27dbb8a266e','0ae5b788-2074-40f5-a02d-953d15428802','2023-06-26 14:16:42','2023-06-26 14:16:42'),('dressings','https://m.media-amazon.com/images/I/61DYIW9HDVL._AC_UX466_.jpg','750a4e7f-02dd-4e4e-98fa-53554c222aa2','0b3ecef0-b7cf-4457-82e6-9aaa1f6a7349','2023-06-26 14:16:42','2023-06-26 14:16:42'),('dressings','https://m.media-amazon.com/images/I/71qtmUjoR8L._AC_SX522._SX._UX._SY._UY_.jpg','a3a44cac-70a2-4220-b995-322de901b764','0c037c29-26b5-4408-8511-181e1df7a195','2023-06-26 14:16:42','2023-06-26 14:16:42'),('tech','https://m.media-amazon.com/images/I/41vBY3LXfQL._AC_.jpg','c7e2e17b-b137-40b6-bdad-a10dbba62022','0c9202c2-f9d9-492a-920f-25005eadfe85','2023-06-26 14:16:43','2023-06-26 14:16:43'),('jewelry','https://m.media-amazon.com/images/I/51+WXQq19OL._AC_UL320_.jpg','35605122-faac-48c9-86c8-8090a2cce435','0cd90120-bc3d-4012-8059-8550b9b8e306','2023-06-26 14:16:42','2023-06-26 14:16:42'),('tech','https://m.media-amazon.com/images/I/615YaAiA-ML._AC_SL1500_.jpg','cd643081-c418-4ebb-8de8-aa1dd6c5d9fd','0cf8379d-029a-4749-8d49-b2a568e62e4f','2023-06-26 14:16:43','2023-06-26 14:16:43'),('tech','https://m.media-amazon.com/images/I/61CCnhkHjWL._AC_SL1500_.jpg','cd643081-c418-4ebb-8de8-aa1dd6c5d9fd','0d043326-3197-44da-973b-d3ad33c43140','2023-06-26 14:16:43','2023-06-26 14:16:43'),('tech','https://m.media-amazon.com/images/I/61FdL2qx-1L._AC_SL1500_.jpg','eb91170d-3ea8-47e4-aa9e-b90a838a7a6a','0f908102-a2d8-4e36-a9ef-34277cdfa5ef','2023-06-26 14:16:43','2023-06-26 14:16:43'),('shoe','https://m.media-amazon.com/images/I/71OB5xueuFL._AC_UX695_.jpg','bf16b3bf-5cb0-4ee5-96e3-594769afb171','118fb9c5-8eb3-4230-8bce-893147ecfe4e','2023-06-26 14:16:42','2023-06-26 14:16:42'),('tech','https://m.media-amazon.com/images/I/81wkTz-+xAL._AC_SL1500_.jpg','88e1d353-e448-4763-938c-78e64fa9c4b6','11a4c8c7-6ab1-4eb0-a966-aa63fbd1d4a7','2023-06-26 14:16:43','2023-06-26 14:16:43'),('tech','https://m.media-amazon.com/images/I/51X93ev5I4L._AC_SL1500_.jpg','cd643081-c418-4ebb-8de8-aa1dd6c5d9fd','12482120-1a00-41bf-89bc-9f1209421f66','2023-06-26 14:16:43','2023-06-26 14:16:43'),('shoe','https://m.media-amazon.com/images/I/81VUXmVJdkL._AC_UX695_.jpg','736a7fdd-5af7-4b08-aa18-4a5e223b8d18','1375c3e7-6eb3-4b9f-9069-a1325c25c96b','2023-06-26 14:16:43','2023-06-26 14:16:43'),('dressings','https://m.media-amazon.com/images/I/718Zj3adZ0L._AC_UY500_.jpg','5f10d447-4885-4078-ae02-7ee7f576e3e4','1446fcfa-3e3a-43ce-ba58-0dca522986ee','2023-06-26 14:16:42','2023-06-26 14:16:42'),('tech','https://m.media-amazon.com/images/I/41jQGYtio6L._AC_SL1001_.jpg','c7e2e17b-b137-40b6-bdad-a10dbba62022','168e28b6-6418-4098-995d-002c56ae60f7','2023-06-26 14:16:43','2023-06-26 14:16:43'),('dressings','https://m.media-amazon.com/images/I/510gvQ8WX+L._AC_UX425_.jpg','184bad0f-d041-4ea0-abe8-c0aba568cd8a','171329a0-56a1-42e8-8698-89c175b0a30b','2023-06-26 14:16:42','2023-06-26 14:16:42'),('dressings','https://m.media-amazon.com/images/I/61NxWlAdrpL._AC_UY500_.jpg','bce72925-aebe-45a9-9e8b-5aa167dca8fd','176f49d3-216e-4a99-86dc-8e9fae8b9f7b','2023-06-26 14:16:42','2023-06-26 14:16:42'),('tech','https://m.media-amazon.com/images/I/71H-NTbHk0L._AC_SL1500_.jpg','4b5414e7-2c7d-412e-9b5a-cfb286f20956','198b8360-3b1c-450b-9c7e-1f7a3df899c7','2023-06-26 14:16:43','2023-06-26 14:16:43'),('shoe','https://m.media-amazon.com/images/I/91u2h1dnINL._AC_UY695_.jpg','822cf68e-7a94-46c5-87f7-2557d46b9a24','198fda84-64c6-4ee3-88e2-3cd4dea1ee07','2023-06-26 14:16:42','2023-06-26 14:16:42'),('jewelry','https://m.media-amazon.com/images/I/81U64nztmhL._AC_UL320_.jpg','35605122-faac-48c9-86c8-8090a2cce435','1bd752a4-d973-416b-92b5-e7d510943f3c','2023-06-26 14:16:42','2023-06-26 14:16:42'),('jewelry','https://m.media-amazon.com/images/I/51BIvW0wX+L._AC_UL320_.jpg','e0dfd71f-450e-4e22-a63b-b9e404187b54','1c3f1c59-de48-4c58-9b75-b8d0b3f7271a','2023-06-26 14:16:42','2023-06-26 14:16:42'),('jewelry','https://m.media-amazon.com/images/I/91O92vvXdFL._AC_UX522_.jpg','5c509acb-6e20-431f-8e35-2d0e2a9dd7f8','1c442c8b-0e3f-4570-8f29-6dbe2fda31f1','2023-06-26 14:16:42','2023-06-26 14:16:42'),('shoe','https://m.media-amazon.com/images/I/61IwuLrCpKL._AC_UY695_.jpg','6419e0ae-b093-43f6-8045-58add0ba1477','1ca70c77-7ba4-4b14-9dc5-af6088761bd9','2023-06-26 14:16:42','2023-06-26 14:16:42'),('shoe','https://m.media-amazon.com/images/I/717IN+tZ3TL._AC_UX695_.jpg','c59b0753-9caf-4964-a9c1-e49760f64063','1d158775-16b5-4be5-ad7e-a5a8c79925db','2023-06-26 14:16:42','2023-06-26 14:16:42'),('dressings','https://m.media-amazon.com/images/I/61Y0-D0ELVL._AC_UY500_.jpg','f77a16a2-0772-4264-87b0-dcdffcefbc2b','1e4f62c5-1bfc-42b9-beb5-55ae0637b8ca','2023-06-26 14:16:42','2023-06-26 14:16:42'),('tech','https://m.media-amazon.com/images/I/71XdMiImL7L._AC_SL1500_.jpg','eb91170d-3ea8-47e4-aa9e-b90a838a7a6a','1f2ec669-446b-4ecc-aa95-e906469ce66a','2023-06-26 14:16:43','2023-06-26 14:16:43'),('jewelry','https://m.media-amazon.com/images/I/71tX4ptRCXL._AC_UY500_.jpg','b5f75889-97c0-4eef-9e2c-b4920d77ff7e','1f538ddc-632c-413b-b6b1-6b2ca6e654d0','2023-06-26 14:16:42','2023-06-26 14:16:42'),('tech','https://m.media-amazon.com/images/I/81Eqgg0cvrL._AC_SL1500_.jpg','e599a11b-86a4-421c-bfac-86ed7d5e1181','218f77df-606a-49b5-adf7-42d753c28291','2023-06-26 14:16:43','2023-06-26 14:16:43'),('shoe','https://m.media-amazon.com/images/I/71984RN0OeL._AC_UY695_.jpg','bf16b3bf-5cb0-4ee5-96e3-594769afb171','25060edd-3250-4b24-baf3-48461362b9b0','2023-06-26 14:16:42','2023-06-26 14:16:42'),('tech','https://m.media-amazon.com/images/I/6192EALD6JL._AC_SL1500_.jpg','521b4acb-003b-401f-b34e-780b94286e91','259863e6-dad6-426d-8dcf-8ce9b124778b','2023-06-26 14:16:43','2023-06-26 14:16:43'),('dressings','https://m.media-amazon.com/images/I/815he8w3R+L._AC_UX425_.jpg','10112aca-4039-478d-9b75-8df81e4a95a6','259db367-2a1a-4e45-9437-8d4c1eda75c3','2023-06-26 14:16:42','2023-06-26 14:16:42'),('shoe','https://m.media-amazon.com/images/I/71a6EA47ToL._AC_UX695_.jpg','736a7fdd-5af7-4b08-aa18-4a5e223b8d18','272c0f97-605d-43fe-a1b7-a716aa1efb49','2023-06-26 14:16:43','2023-06-26 14:16:43'),('shoe','https://m.media-amazon.com/images/I/71AA93kzoxL._AC_UY695_.jpg','f2c25df5-7044-40c8-ab5b-bf9d7f6dcc16','27d74c9a-4b43-4374-8003-8e69fcdc4a53','2023-06-26 14:16:42','2023-06-26 14:16:42'),('dressings','https://m.media-amazon.com/images/I/61jWKaM8oGL._AC_UX522_.jpg','83f589e8-1329-4bec-8052-787479f8a2ec','2a9a72d4-b6fe-48fb-a264-d16ffcaae3c5','2023-06-26 14:16:42','2023-06-26 14:16:42'),('shoe','https://m.media-amazon.com/images/I/61kk1fVXWPL._AC_UX695_.jpg','6ca2f161-9b15-4005-966c-746e8f0689f6','2b309708-e87b-4287-893b-3e2db0e61537','2023-06-26 14:16:42','2023-06-26 14:16:42'),('dressings','https://m.media-amazon.com/images/I/81poAEn1TnL._AC_UX425_.jpg','74c534e2-c269-46f1-9d23-5bb6ba0e13c4','2ce47118-893b-4942-929c-5e1c4cf8e1d1','2023-06-26 14:16:42','2023-06-26 14:16:42'),('shoe','https://m.media-amazon.com/images/I/91GDwSlTJHL._AC_UY695_.jpg','bf16b3bf-5cb0-4ee5-96e3-594769afb171','2d1cb5dc-1e55-4902-a003-0478c54bf610','2023-06-26 14:16:42','2023-06-26 14:16:42'),('jewelry','https://m.media-amazon.com/images/I/71JZza+8-UL._SY800_.jpg','58b8af13-849b-47d1-9b1a-e27dbb8a266e','2de6ef38-7dce-46d9-8f34-7b68f79bf33a','2023-06-26 14:16:42','2023-06-26 14:16:42'),('shoe','https://m.media-amazon.com/images/I/61Hv5iLNQBS._AC_SY695._SX._UX._SY._UY_.jpg','4287e2db-6b4d-4916-9541-0e8666ab1009','2f2cca5d-274f-44fc-b8f6-5b83facd4605','2023-06-26 14:16:42','2023-06-26 14:16:42'),('shoe','https://m.media-amazon.com/images/I/81XxplTA0nL._AC_UY695_.jpg','f2c25df5-7044-40c8-ab5b-bf9d7f6dcc16','2fc5df02-bed5-4f69-8331-f807cc40bc44','2023-06-26 14:16:42','2023-06-26 14:16:42'),('jewelry','https://m.media-amazon.com/images/I/81GeV6s6M9L._AC_UL320_.jpg','2ea61e33-9413-4cdf-8845-8f0c90b21abd','30f9dc24-2e8e-489d-a12c-301c49439700','2023-06-26 14:16:42','2023-06-26 14:16:42'),('shoe','https://m.media-amazon.com/images/I/71Qlfaq3viL._AC_UY695_.jpg','3bf8820c-03fe-422d-a6ca-3b7e397a1ed6','311f3c06-a6d9-4493-858a-02db4e4bb97f','2023-06-26 14:16:42','2023-06-26 14:16:42'),('dressings','https://m.media-amazon.com/images/I/71UXPOp2wbL._AC_UX522_.jpg','a3a44cac-70a2-4220-b995-322de901b764','319bc26d-2fa2-494f-b10c-ea3b7339be17','2023-06-26 14:16:42','2023-06-26 14:16:42'),('shoe','https://m.media-amazon.com/images/I/71VMUooBv-S._AC_SX695._SX._UX._SY._UY_.jpg','4287e2db-6b4d-4916-9541-0e8666ab1009','31bafe74-c485-453d-93ed-2c0de8032b86','2023-06-26 14:16:42','2023-06-26 14:16:42'),('shoe','https://m.media-amazon.com/images/I/71eURNliuYL._AC_UY695_.jpg','6419e0ae-b093-43f6-8045-58add0ba1477','32360d34-a380-4ec0-8dd8-efa473c60a7f','2023-06-26 14:16:42','2023-06-26 14:16:42'),('dressings','https://m.media-amazon.com/images/I/61PeLG59nnL._AC_UX385_.jpg','74c534e2-c269-46f1-9d23-5bb6ba0e13c4','339190e7-ce03-415d-828a-c8cc6bcf7d11','2023-06-26 14:16:42','2023-06-26 14:16:42'),('shoe','https://m.media-amazon.com/images/I/714gPa4tctL._AC_UY695_.jpg','3bf8820c-03fe-422d-a6ca-3b7e397a1ed6','3397d2da-95ec-47bf-b2dc-a74da3ab228e','2023-06-26 14:16:42','2023-06-26 14:16:42'),('dressings','https://m.media-amazon.com/images/I/51sWSEHMT1L._AC_UX522_.jpg','184bad0f-d041-4ea0-abe8-c0aba568cd8a','33b32312-b860-4bba-8e49-12b739588b2e','2023-06-26 14:16:42','2023-06-26 14:16:42'),('tech','https://m.media-amazon.com/images/I/614LR8w8UpL._AC_SL1500_.jpg','4b5414e7-2c7d-412e-9b5a-cfb286f20956','33d080ea-64bd-47f6-bdd7-cfe3bbb5c947','2023-06-26 14:16:43','2023-06-26 14:16:43'),('tech','https://m.media-amazon.com/images/I/716rkVkSOGL._AC_SL1500_.jpg','521b4acb-003b-401f-b34e-780b94286e91','35fd3324-65d7-452f-8bb1-678db401674f','2023-06-26 14:16:43','2023-06-26 14:16:43'),('dressings','https://m.media-amazon.com/images/I/51CyFM9uLGL._AC_UL320_.jpg','83f589e8-1329-4bec-8052-787479f8a2ec','36ef4357-beaf-4d48-8d3a-09ba77d5c1a0','2023-06-26 14:16:42','2023-06-26 14:16:42'),('dressings','https://m.media-amazon.com/images/I/71VkSetV+yL._AC_UY500_.jpg','937da544-b2b2-4bbd-b857-d18ec707833b','393bd58c-1fd3-42b1-bd74-5707dfb87d0c','2023-06-26 14:16:42','2023-06-26 14:16:42'),('shoe','https://m.media-amazon.com/images/I/71i9eneVniL._AC_UY695_.jpg','e7147735-3bc3-4130-83e6-1a0964ebec63','3aba5f6c-fe91-465f-8953-a5d596baad45','2023-06-26 14:16:42','2023-06-26 14:16:42'),('tech','https://m.media-amazon.com/images/I/61s1K0ghITL._AC_SL1500_.jpg','4b5414e7-2c7d-412e-9b5a-cfb286f20956','3ade6aae-0696-45af-bb53-34663489fcec','2023-06-26 14:16:43','2023-06-26 14:16:43'),('shoe','https://m.media-amazon.com/images/I/71mqEQOs+mL._AC_UX695_.jpg','c59b0753-9caf-4964-a9c1-e49760f64063','3aee0ed7-b483-49cb-886b-ebad2216b3ed','2023-06-26 14:16:42','2023-06-26 14:16:42'),('jewelry','https://m.media-amazon.com/images/I/61zhtolx8lL._AC_UY500_.jpg','58b8af13-849b-47d1-9b1a-e27dbb8a266e','3b1aad3c-6780-4e7a-9fcd-e15203f30c9b','2023-06-26 14:16:42','2023-06-26 14:16:42'),('shoe','https://m.media-amazon.com/images/I/81cuTtP+n6L._AC_UX695_.jpg','6898a8bb-426e-44be-b388-274a11994d6c','3bae30e1-1195-429c-b7b5-a2257a6f4bce','2023-06-26 14:16:42','2023-06-26 14:16:42'),('shoe','https://m.media-amazon.com/images/I/71srtYmkewS._AC_UY695_.jpg','0a190748-831f-4235-8e51-3ff95098f2e9','3bb66b78-d9b2-46d2-8b69-a6f05f835c79','2023-06-26 14:16:42','2023-06-26 14:16:42'),('tech','https://m.media-amazon.com/images/I/61KgG7G4anL._AC_SL1500_.jpg','4b5414e7-2c7d-412e-9b5a-cfb286f20956','3c0dfd02-7a88-4d0c-9ec1-8b2cbe9c9bd5','2023-06-26 14:16:43','2023-06-26 14:16:43'),('tech','https://m.media-amazon.com/images/I/61Jv+q-n3RL._SL1500_.jpg','a3f6dc60-62fb-42ef-b118-6ee0360fc880','3d99b06f-eba2-43db-93fe-fb42e8442eef','2023-06-26 14:16:43','2023-06-26 14:16:43'),('tech','https://m.media-amazon.com/images/I/61ObgYvS4pL._AC_SL1500_.jpg','c6d45fb2-8f3c-4bb4-8cd6-4188ab189336','3f8f153b-85c1-4fe6-b248-94a52b8fa059','2023-06-26 14:16:43','2023-06-26 14:16:43'),('tech','https://m.media-amazon.com/images/I/71k8xCOlQaL._AC_SL1500_.jpg','5812cdb4-f4cb-4d10-85c2-935aaa7f15d7','405e698c-8fd6-4e0c-af45-ed5d6cb5052a','2023-06-26 14:16:43','2023-06-26 14:16:43'),('tech','https://m.media-amazon.com/images/I/61+O7hJ2WgL._AC_SL1500_.jpg','c6d45fb2-8f3c-4bb4-8cd6-4188ab189336','40707a5c-8204-4228-86a3-ec856a9be368','2023-06-26 14:16:43','2023-06-26 14:16:43'),('jewelry','https://m.media-amazon.com/images/I/61Yaayuf31L._AC_UL320_.jpg','35605122-faac-48c9-86c8-8090a2cce435','41137a10-e9f7-4dc2-a6e4-16c0dbd69760','2023-06-26 14:16:42','2023-06-26 14:16:42'),('tech','https://m.media-amazon.com/images/I/51V5boi3UqL._AC_SL1000_.jpg','44074998-d8f2-45d8-beb7-a9292a3017db','42a23eda-8084-4e15-937c-493fe416e235','2023-06-26 14:16:43','2023-06-26 14:16:43'),('jewelry','https://m.media-amazon.com/images/I/71BPhiugJZL._AC_UY500_.jpg','b5f75889-97c0-4eef-9e2c-b4920d77ff7e','43c9c07d-9f0f-401b-be75-5318c642ab24','2023-06-26 14:16:42','2023-06-26 14:16:42'),('tech','https://m.media-amazon.com/images/I/71bl20Czw3L._SL1500_.jpg','a23d5e1d-f407-469d-939e-d537b237d0c8','451521e8-3874-47e9-943e-ba0431724194','2023-06-26 14:16:43','2023-06-26 14:16:43'),('dressings','https://m.media-amazon.com/images/I/81HCr7u0c+L._AC_UY500_.jpg','2ecb8d49-7afc-40c1-ade7-c85a41e7018d','46e551b2-1003-4296-bf0b-14473b629ad6','2023-06-26 14:16:42','2023-06-26 14:16:42'),('tech','https://m.media-amazon.com/images/I/51DYDLykzoL._AC_SL1500_.jpg','dcd1f810-42da-4973-aa0f-71d5d7a991ec','470758bb-dd9e-4d67-b95a-5599eb294d4d','2023-06-26 14:16:43','2023-06-26 14:16:43'),('jewelry','https://m.media-amazon.com/images/I/31HF8MBXrwL._QL70_FMwebp_.jpg','58b8af13-849b-47d1-9b1a-e27dbb8a266e','49a77f53-ec74-4cf4-8528-639822fd8e38','2023-06-26 14:16:42','2023-06-26 14:16:42'),('tech','https://m.media-amazon.com/images/I/61QPXTh0K9L._AC_SL1000_.jpg','e599a11b-86a4-421c-bfac-86ed7d5e1181','4aa73104-c346-4356-8d06-181ded2ac5df','2023-06-26 14:16:43','2023-06-26 14:16:43'),('jewelry','https://m.media-amazon.com/images/I/61hzPBgWsvL._AC_UY500_.jpg','ab8c602d-2699-4e0e-bbbb-02c5106b41f4','4aa7cf65-9b95-432e-8aab-f71d53a9c477','2023-06-26 14:16:42','2023-06-26 14:16:42'),('shoe','https://m.media-amazon.com/images/I/61CCrvSSesL._AC_UY695_.jpg','e7147735-3bc3-4130-83e6-1a0964ebec63','4cc38366-6115-42d5-ba47-49405afd8410','2023-06-26 14:16:42','2023-06-26 14:16:42'),('shoe','https://m.media-amazon.com/images/I/61fkgoWGiwL._AC_UY695_.jpg','822cf68e-7a94-46c5-87f7-2557d46b9a24','4dacb3fd-9a68-4f5c-8e7a-5c2d66e4e66b','2023-06-26 14:16:42','2023-06-26 14:16:42'),('shoe','https://m.media-amazon.com/images/I/61tNMMvsqyL._AC_UX695_.jpg','52a3f7a8-0c84-48dd-9dd7-ccd3d8a01b55','4e16071c-1e8e-4fb5-8e1b-07fb4e9ccbd8','2023-06-26 14:16:43','2023-06-26 14:16:43'),('dressings','https://m.media-amazon.com/images/I/51spUwY-dRL._AC_UX522_.jpg','7d107da7-b73e-4ee9-bd26-8f7d8683c32d','4e3b1b7b-6798-4746-9075-68151e501797','2023-06-26 14:16:42','2023-06-26 14:16:42'),('tech','https://m.media-amazon.com/images/I/61Ej9Rl7PrL._AC_SL1500_.jpg','5812cdb4-f4cb-4d10-85c2-935aaa7f15d7','4e64933f-a027-444a-9e55-fa51e3dba608','2023-06-26 14:16:43','2023-06-26 14:16:43'),('tech','https://m.media-amazon.com/images/I/61cw88QI2pL._AC_SL1500_.jpg','0e79c2a9-695e-4154-a113-9131f26f187e','4f003ddc-609b-44cc-bf9e-006c584f465e','2023-06-26 14:16:43','2023-06-26 14:16:43'),('shoe','https://m.media-amazon.com/images/I/71RfnqZM1iS._AC_UY695_.jpg','5ec26321-8d27-49ca-9055-ef42bb26562d','4fa816f9-e7f4-4154-970d-400ecdee933b','2023-06-26 14:16:42','2023-06-26 14:16:42'),('shoe','https://m.media-amazon.com/images/I/51b0MilmNmL._AC_UX695_.jpg','2b886da2-9e5e-4c13-8751-19b17f3a4615','4fdab4d0-640a-4447-96a4-7a59810648bd','2023-06-26 14:16:43','2023-06-26 14:16:43'),('tech','https://m.media-amazon.com/images/I/71CyznJEDjL._SL1500_.jpg','790cef69-da4d-4c18-a623-bb993df30c2e','4fe64faf-dd09-4dad-8cd9-0d42114b6b02','2023-06-26 14:16:43','2023-06-26 14:16:43'),('dressings','https://m.media-amazon.com/images/I/919Hht2azRL._AC_UY500_.jpg','adfc8e9b-0171-43cb-b7dc-9081ac0b91b5','501cae10-b2b8-456c-b897-db13055d0fff','2023-06-26 14:16:42','2023-06-26 14:16:42'),('dressings','https://m.media-amazon.com/images/I/91CdSCIxNZL._AC_UL320_.jpg','094abe3c-8b40-43ef-a85e-7895a3e4ea11','510b8f20-6ffd-4b91-8fe3-cffffb30f7a5','2023-06-26 14:16:42','2023-06-26 14:16:42'),('dressings','https://m.media-amazon.com/images/I/619g6AqwGeL._AC_UX522_.jpg','3d6d30c9-739e-48d0-a6cf-32fa1f9248be','5158af7a-ea9f-465c-b2fc-9d3cb5fe53db','2023-06-26 14:16:42','2023-06-26 14:16:42'),('tech','https://m.media-amazon.com/images/I/71a1qTPpg-L._AC_SL1500_.jpg','59049101-0514-4345-9ab6-9ad67f6a49fd','51c450d1-6d5f-4bd9-814d-d787dfe5dca2','2023-06-26 14:16:43','2023-06-26 14:16:43'),('dressings','https://m.media-amazon.com/images/I/61TfkIlsPdL._AC_UY500_.jpg','55d49011-c797-471e-a60d-12b56eecc8e7','51ebe5f8-22c5-44b4-bd15-320cf8b09df8','2023-06-26 14:16:42','2023-06-26 14:16:42'),('dressings','https://m.media-amazon.com/images/I/613Sw3ufZCL._AC_UX466_.jpg','7eb44990-024d-45c1-a08d-8a37fc15c2a0','52a99daf-ed77-4874-85cc-24af5eca2eb3','2023-06-26 14:16:42','2023-06-26 14:16:42'),('shoe','https://m.media-amazon.com/images/I/717fgoNKLkS._AC_UX695_.jpg','5ec26321-8d27-49ca-9055-ef42bb26562d','5334ab38-97b5-4b58-b38a-f1f9576a2cde','2023-06-26 14:16:42','2023-06-26 14:16:42'),('dressings','https://m.media-amazon.com/images/I/81gTmnpyjGL._AC_SX522._SX._UX._SY._UY_.jpg','a3a44cac-70a2-4220-b995-322de901b764','538daa52-6a56-4776-b4b3-71defcf79209','2023-06-26 14:16:42','2023-06-26 14:16:42'),('dressings','https://m.media-amazon.com/images/I/61x0RHdZYML._AC_SY500._SX._UX._SY._UY_.jpg','42bbecae-9abc-42a1-995d-c8ac09e1a07a','542a60ef-5b34-4924-875b-3353c611e34d','2023-06-26 14:16:42','2023-06-26 14:16:42'),('tech','https://m.media-amazon.com/images/I/713cxz8Z85L._SL1500_.jpg','a23d5e1d-f407-469d-939e-d537b237d0c8','549fdc4b-7404-47ba-98b6-f0fd24d6edc4','2023-06-26 14:16:43','2023-06-26 14:16:43'),('shoe','https://m.media-amazon.com/images/I/61GTHWrlwFL._AC_UX695_.jpg','6898a8bb-426e-44be-b388-274a11994d6c','550656cc-ec5a-4ef7-a07c-99c876553334','2023-06-26 14:16:42','2023-06-26 14:16:42'),('shoe','https://m.media-amazon.com/images/I/71+hjk3SYML._AC_UY695_.jpg','19f4db31-7f0e-40b5-a252-2bf27c6dae60','56a7c328-9e46-4aba-870e-bb749db6258b','2023-06-26 14:16:42','2023-06-26 14:16:42'),('shoe','https://m.media-amazon.com/images/I/61IihwOpt8L._AC_UX695_.jpg','2b886da2-9e5e-4c13-8751-19b17f3a4615','56fecfdd-da4d-4c75-87a7-e318d7e7139a','2023-06-26 14:16:43','2023-06-26 14:16:43'),('tech','https://m.media-amazon.com/images/I/61dNAU6PgxL._AC_SL1500_.jpg','59049101-0514-4345-9ab6-9ad67f6a49fd','574ca2e6-88c8-4454-93c1-8332e12335e3','2023-06-26 14:16:43','2023-06-26 14:16:43'),('dressings','https://m.media-amazon.com/images/I/61oBxhoHT3L._AC_UL320_.jpg','83f589e8-1329-4bec-8052-787479f8a2ec','579b746b-7e38-4f26-b8e7-753585a6306b','2023-06-26 14:16:42','2023-06-26 14:16:42'),('shoe','https://m.media-amazon.com/images/I/71BZt84XyGS._AC_SX695._SX._UX._SY._UY_.jpg','4287e2db-6b4d-4916-9541-0e8666ab1009','58003a3c-2859-4a2a-b9d7-cff40cf94522','2023-06-26 14:16:42','2023-06-26 14:16:42'),('dressings','https://m.media-amazon.com/images/I/91xuVRMPJtL._AC_UY500_.jpg','bbd0d3c4-593e-4637-b97c-a95959ba910d','58e41b01-99a2-4b68-a48b-18250bc41fd6','2023-06-26 14:16:42','2023-06-26 14:16:42'),('tech','https://m.media-amazon.com/images/I/61BENIhgB1L._AC_SL1500_.jpg','59049101-0514-4345-9ab6-9ad67f6a49fd','5924e995-e4e9-4826-bad0-d8293fab79a8','2023-06-26 14:16:43','2023-06-26 14:16:43'),('tech','https://m.media-amazon.com/images/I/61UgdA9MdeL._AC_SL1500_.jpg','6da752b9-bb50-4284-8cdf-19293a79f75e','597a044e-f4f1-460d-99f2-c652dea76278','2023-06-26 14:16:43','2023-06-26 14:16:43'),('shoe','https://m.media-amazon.com/images/I/51jOAz398DL._AC_UY695_.jpg','13a0e012-0986-4543-8f6c-d8cce11b01c0','599e72c1-cfad-4484-b65d-a102886a2870','2023-06-26 14:16:42','2023-06-26 14:16:42'),('jewelry','https://m.media-amazon.com/images/I/712m3KgbW6L._AC_UX425_.jpg','5c509acb-6e20-431f-8e35-2d0e2a9dd7f8','5c4afac0-a63b-4b31-ae25-343bbb72069f','2023-06-26 14:16:42','2023-06-26 14:16:42'),('tech','https://m.media-amazon.com/images/I/71t84n55GGL._SL1500_.jpg','a23d5e1d-f407-469d-939e-d537b237d0c8','5d0ab16b-1a4a-4f4a-a4c0-e362752e1171','2023-06-26 14:16:43','2023-06-26 14:16:43'),('tech','https://m.media-amazon.com/images/I/71KAJ4N48DS._AC_SL1500_.jpg','3339ed9d-6642-4b75-a42c-deb8a1cd78c9','5d8dd6db-799c-4413-b859-b6185c4ea2b5','2023-06-26 14:16:43','2023-06-26 14:16:43'),('dressings','https://m.media-amazon.com/images/I/71k8LD845OL._AC_UX425_.jpg','10112aca-4039-478d-9b75-8df81e4a95a6','5d9d168b-a688-4716-8028-bcdde9074f13','2023-06-26 14:16:42','2023-06-26 14:16:42'),('tech','https://m.media-amazon.com/images/I/71PUZ9o9U6L._AC_SL1500_.jpg','4eb7be15-2444-402f-af0e-aa4f8cd5c5f5','5e92733e-9e1b-4e47-a367-e7fb81a48d8e','2023-06-26 14:16:43','2023-06-26 14:16:43'),('tech','https://m.media-amazon.com/images/I/71a7RXguWYL._AC_SL1500_.jpg','e33ec436-018c-4ff1-a23b-78a7474076b4','5fb4dabd-59e8-47c2-ab68-91bd4ebc277f','2023-06-26 14:16:43','2023-06-26 14:16:43'),('shoe','https://m.media-amazon.com/images/I/81SZpq2ZaFL._AC_UY695_.jpg','2fffab74-fb58-472a-82c2-d92c96fa2914','6080f4e1-20fe-4586-8b52-df759975ec24','2023-06-26 14:16:42','2023-06-26 14:16:42'),('tech','https://m.media-amazon.com/images/I/61L5N+0JdwL._AC_SL1500_.jpg','5812cdb4-f4cb-4d10-85c2-935aaa7f15d7','611d6f53-6b64-48b2-896a-7a02b301ec01','2023-06-26 14:16:43','2023-06-26 14:16:43'),('tech','https://m.media-amazon.com/images/I/8111b3zis2L._AC_SL1500_.jpg','eb91170d-3ea8-47e4-aa9e-b90a838a7a6a','61f247d9-8653-43b4-a730-d60f4d737a54','2023-06-26 14:16:43','2023-06-26 14:16:43'),('dressings','https://m.media-amazon.com/images/I/61QYtjy--kL._AC_UX425_.jpg','937da544-b2b2-4bbd-b857-d18ec707833b','61fa3bb1-c04c-4751-b687-f3be59a4dc69','2023-06-26 14:16:42','2023-06-26 14:16:42'),('tech','https://m.media-amazon.com/images/I/71DUz6qs8yL._AC_SL1500_.jpg','0e79c2a9-695e-4154-a113-9131f26f187e','63a583e0-74fc-402a-a9fe-61c1b4028f26','2023-06-26 14:16:43','2023-06-26 14:16:43'),('shoe','https://m.media-amazon.com/images/I/71MaBzbfuaL._AC_UY695_.jpg','2fffab74-fb58-472a-82c2-d92c96fa2914','6441df6e-f95d-484f-b216-9cdbcb018fc3','2023-06-26 14:16:42','2023-06-26 14:16:42'),('shoe','https://m.media-amazon.com/images/I/8187O4gXUML._AC_UY695_.jpg','f2c25df5-7044-40c8-ab5b-bf9d7f6dcc16','6519532e-65b0-4654-a009-9e0da6ec4e2d','2023-06-26 14:16:42','2023-06-26 14:16:42'),('jewelry','https://m.media-amazon.com/images/I/71r7eWuCsaL._AC_UL320_.jpg','35605122-faac-48c9-86c8-8090a2cce435','66109ca9-cde6-4bd9-b9bf-0c6f00c78abd','2023-06-26 14:16:42','2023-06-26 14:16:42'),('shoe','https://m.media-amazon.com/images/I/61cvgvQFE+L._AC_UY695_.jpg','e7147735-3bc3-4130-83e6-1a0964ebec63','66a74863-4d17-4800-a31c-a8fc3c18dbdc','2023-06-26 14:16:42','2023-06-26 14:16:42'),('dressings','https://m.media-amazon.com/images/I/71vscgWl+qS._AC_SY500._SX._UX._SY._UY_.jpg','5f10d447-4885-4078-ae02-7ee7f576e3e4','678ab7c9-1019-4347-9ae2-d0bbe2148693','2023-06-26 14:16:42','2023-06-26 14:16:42'),('tech','https://m.media-amazon.com/images/I/71sQ1on0fuL._AC_SL1500_.jpg','759a58db-213c-4353-887d-4f3a6077e140','67b74b61-9c70-4b3b-a595-74ef4af82abe','2023-06-26 14:16:43','2023-06-26 14:16:43'),('tech','https://m.media-amazon.com/images/I/610MP0Lcb9L._AC_SL1500_.jpg','86c0809a-e5fb-4b1f-8ac3-3080b82cce92','67d4b552-81cf-4cfb-9bbd-279e8ce03632','2023-06-26 14:16:43','2023-06-26 14:16:43'),('tech','https://m.media-amazon.com/images/I/71iK-Yd8rwL._AC_SL1500_.jpg','a808610d-1ea5-49e0-892f-a993ac0104cb','67e6b522-bc75-446c-a0b7-01afe80b9573','2023-06-26 14:16:43','2023-06-26 14:16:43'),('tech','https://m.media-amazon.com/images/I/71eFYMiAodL._AC_SL1500_.jpg','fa1eb069-478e-447f-b63e-60b60aaf3fa7','6864557f-a367-4d2a-80c0-5473896f76e4','2023-06-26 14:16:43','2023-06-26 14:16:43'),('dressings','https://m.media-amazon.com/images/I/61b98tZQXaL._AC_UL320_.jpg','83f589e8-1329-4bec-8052-787479f8a2ec','68dda15f-c7e4-4913-9a31-f7be4fc9f142','2023-06-26 14:16:42','2023-06-26 14:16:42'),('shoe','https://m.media-amazon.com/images/I/51nTdLST-xL._AC_UY695_.jpg','2b886da2-9e5e-4c13-8751-19b17f3a4615','699bfaa4-1d2e-4671-a83a-914fd3e3d47e','2023-06-26 14:16:43','2023-06-26 14:16:43'),('tech','https://m.media-amazon.com/images/I/613chwH3U4L._AC_SL1000_.jpg','23f2ed15-689f-4559-a8de-d28f7d21fe8c','69bc2a74-1030-4b9a-a9de-34bcb07cf762','2023-06-26 14:16:43','2023-06-26 14:16:43'),('tech','https://m.media-amazon.com/images/I/71e+i+oD0qL._SL1500_.jpg','a23d5e1d-f407-469d-939e-d537b237d0c8','69dfdf6a-3a89-426d-adf0-b3fbf90aceae','2023-06-26 14:16:43','2023-06-26 14:16:43'),('tech','https://m.media-amazon.com/images/I/71jJo+lZkmL._AC_SL1500_.jpg','e33ec436-018c-4ff1-a23b-78a7474076b4','6a872aa0-f9ec-416a-a7ea-a89bddc17e18','2023-06-26 14:16:43','2023-06-26 14:16:43'),('jewelry','https://m.media-amazon.com/images/I/71pxAQkpv2L._AC_SX679._SX._UX._SY._UY_.jpg','faebf4f0-2181-4080-8f96-84ee26e9a7ea','6c6bec03-9c7c-44fd-8384-20856f609bde','2023-06-26 14:16:42','2023-06-26 14:16:42'),('tech','https://m.media-amazon.com/images/I/71SUxRy0DCL._AC_SL1500_.jpg','86c0809a-e5fb-4b1f-8ac3-3080b82cce92','6d9baa0d-d4ba-4ff7-9dc6-65ba4c887116','2023-06-26 14:16:43','2023-06-26 14:16:43'),('shoe','https://m.media-amazon.com/images/I/71gaJgPL4jL._AC_UX695_.jpg','19f4db31-7f0e-40b5-a252-2bf27c6dae60','6debbd51-36bf-404b-b070-d26f027a387e','2023-06-26 14:16:42','2023-06-26 14:16:42'),('shoe','https://m.media-amazon.com/images/I/61LeG3f+8-L._AC_UX695_.jpg','6ca2f161-9b15-4005-966c-746e8f0689f6','6e26057a-c03d-4c7a-a254-9383c3a207f0','2023-06-26 14:16:42','2023-06-26 14:16:42'),('tech','https://m.media-amazon.com/images/I/71NsjJ9Hj9L._AC_SL1500_.jpg','fa1eb069-478e-447f-b63e-60b60aaf3fa7','6e805535-2390-43ee-b805-c3e715635897','2023-06-26 14:16:43','2023-06-26 14:16:43'),('dressings','https://m.media-amazon.com/images/I/71yug3GvlHL._MCnd_AC_UL320_.jpg','ce902562-9e9c-4857-95a7-dcb2f8f7ad53','6f84030b-d21a-45a0-a64a-ff6c958faa16','2023-06-26 14:16:42','2023-06-26 14:16:42'),('tech','https://m.media-amazon.com/images/I/61QGMX0Qy6L._AC_SL1352_.jpg','c6d45fb2-8f3c-4bb4-8cd6-4188ab189336','6feecfb9-b628-4439-a60e-f6b7a0766ffe','2023-06-26 14:16:43','2023-06-26 14:16:43'),('shoe','https://m.media-amazon.com/images/I/615b0WFctML._AC_UX695_.jpg','52a3f7a8-0c84-48dd-9dd7-ccd3d8a01b55','700aa3c5-04b0-4c55-ae6f-a7bd37f5e5ba','2023-06-26 14:16:43','2023-06-26 14:16:43'),('dressings','https://m.media-amazon.com/images/I/61CxCKixOdL._AC_UY500_.jpg','55d49011-c797-471e-a60d-12b56eecc8e7','70d66b29-03ca-4b6e-a895-a896c9ad5853','2023-06-26 14:16:42','2023-06-26 14:16:42'),('tech','https://m.media-amazon.com/images/I/71SmNH3c6qL._SL1500_.jpg','790cef69-da4d-4c18-a623-bb993df30c2e','713c8ffd-bf4e-4b2a-9f1a-9468c839ef47','2023-06-26 14:16:43','2023-06-26 14:16:43'),('dressings','https://m.media-amazon.com/images/I/91prscseYNL._AC_UL320_.jpg','094abe3c-8b40-43ef-a85e-7895a3e4ea11','71db7cbd-ee2f-4bc5-8bcd-da25511e131f','2023-06-26 14:16:42','2023-06-26 14:16:42'),('shoe','https://m.media-amazon.com/images/I/71IZGPzG93L._AC_UX695_.jpg','6898a8bb-426e-44be-b388-274a11994d6c','71dfa83f-6291-4ba1-8ffa-582b8d9c5aa9','2023-06-26 14:16:42','2023-06-26 14:16:42'),('dressings','https://m.media-amazon.com/images/I/51NkWI6GdYL._AC_UX522_.jpg','7d107da7-b73e-4ee9-bd26-8f7d8683c32d','71e88f86-b561-44d2-84b7-0c99a87d0566','2023-06-26 14:16:42','2023-06-26 14:16:42'),('jewelry','https://m.media-amazon.com/images/I/71GZmpWqjHL._AC_UL320_.jpg','2ea61e33-9413-4cdf-8845-8f0c90b21abd','728f150c-1dff-4730-ac6a-92178d78cba2','2023-06-26 14:16:42','2023-06-26 14:16:42'),('shoe','https://m.media-amazon.com/images/I/61HQy8D47fL._AC_UX695_.jpg','13a0e012-0986-4543-8f6c-d8cce11b01c0','75268afb-322e-4082-9ce1-39e0fc8d0be6','2023-06-26 14:16:42','2023-06-26 14:16:42'),('dressings','https://m.media-amazon.com/images/I/51nhYHXf+FL._AC_UX522_.jpg','7d107da7-b73e-4ee9-bd26-8f7d8683c32d','75636e76-04e7-49b1-9227-aacbbf3d7955','2023-06-26 14:16:42','2023-06-26 14:16:42'),('tech','https://m.media-amazon.com/images/I/51V5boi3UqL._AC_SL1000_.jpg','44074998-d8f2-45d8-beb7-a9292a3017db','75b571e1-2c4d-4bf1-aeba-3f416e215f9d','2023-06-26 14:16:43','2023-06-26 14:16:43'),('dressings','https://m.media-amazon.com/images/I/81XhRT3l8yL._AC_UY500_.jpg','adfc8e9b-0171-43cb-b7dc-9081ac0b91b5','775b5585-c9dc-41b8-8acf-77b29aa524e1','2023-06-26 14:16:42','2023-06-26 14:16:42'),('dressings','https://m.media-amazon.com/images/I/71U+rTvPiwL._AC_UX522_.jpg','f77a16a2-0772-4264-87b0-dcdffcefbc2b','77820377-ec75-4373-9e32-42ef8c8528f8','2023-06-26 14:16:42','2023-06-26 14:16:42'),('tech','https://m.media-amazon.com/images/I/81QIhlGoi5L._AC_SL1500_.jpg','fa1eb069-478e-447f-b63e-60b60aaf3fa7','77d6d4ec-743c-4ecc-a64e-24b0c9aac1de','2023-06-26 14:16:43','2023-06-26 14:16:43'),('tech','https://m.media-amazon.com/images/I/81Zk+jwfOeL._AC_SL1500_.jpg','23f2ed15-689f-4559-a8de-d28f7d21fe8c','77f7cf00-887e-4e0b-aa9d-26847556732a','2023-06-26 14:16:43','2023-06-26 14:16:43'),('dressings','https://m.media-amazon.com/images/I/81VcfdtNduL._AC_UX522_.jpg','f77a16a2-0772-4264-87b0-dcdffcefbc2b','78bf52ac-70b6-4135-8ba1-9e4fa6c3098e','2023-06-26 14:16:42','2023-06-26 14:16:42'),('jewelry','https://m.media-amazon.com/images/I/41hB0jk5MxL._AC_UL320_.jpg','83d643d1-25cb-4d1a-9463-18ccd18596be','7b6abd22-1763-48be-ab1d-846a6b556517','2023-06-26 14:16:42','2023-06-26 14:16:42'),('shoe','https://m.media-amazon.com/images/I/7151sxZsSML._AC_UX695_.jpg','d9b19479-3cf2-4373-9ef6-6d7de91544f4','7bda97fa-1b13-4913-8892-2bf64e76074c','2023-06-26 14:16:42','2023-06-26 14:16:42'),('tech','https://m.media-amazon.com/images/I/61VsUlOAPuL._AC_SL1000_.jpg','23f2ed15-689f-4559-a8de-d28f7d21fe8c','7bebf4c7-7027-4955-9871-7572963c2e82','2023-06-26 14:16:43','2023-06-26 14:16:43'),('shoe','https://m.media-amazon.com/images/I/710w8ZxQhfL._AC_UX695_.jpg','52a3f7a8-0c84-48dd-9dd7-ccd3d8a01b55','7bf3b51b-cf6c-49c7-931f-c1c24f3ec9ed','2023-06-26 14:16:43','2023-06-26 14:16:43'),('tech','https://m.media-amazon.com/images/I/81xDoHsXl+L._AC_SL1500_.jpg','4eb7be15-2444-402f-af0e-aa4f8cd5c5f5','7bf5248b-20fe-4333-963e-3b3db2aa5738','2023-06-26 14:16:43','2023-06-26 14:16:43'),('shoe','https://m.media-amazon.com/images/I/61n9ULVO6KL._AC_UX695_.jpg','13a0e012-0986-4543-8f6c-d8cce11b01c0','7c6b6a36-813d-4746-90bc-4e96027f3682','2023-06-26 14:16:42','2023-06-26 14:16:42'),('shoe','https://m.media-amazon.com/images/I/71och77GQOL._AC_UX695_.jpg','d9b19479-3cf2-4373-9ef6-6d7de91544f4','7cd3470d-716b-464f-aeb7-a0bd4254fefc','2023-06-26 14:16:42','2023-06-26 14:16:42'),('tech','https://m.media-amazon.com/images/I/71R9ACGFnzL._AC_SL1500_.jpg','521b4acb-003b-401f-b34e-780b94286e91','7cdec482-f93d-4f00-a731-234e8500b2c9','2023-06-26 14:16:43','2023-06-26 14:16:43'),('shoe','https://m.media-amazon.com/images/I/71niLkPCleS._AC_UX695_.jpg','5ec26321-8d27-49ca-9055-ef42bb26562d','7d28b918-ac17-46b9-9102-7aef7042dffd','2023-06-26 14:16:42','2023-06-26 14:16:42'),('tech','https://m.media-amazon.com/images/I/71UjH2uALyL._AC_SL1500_.jpg','86c0809a-e5fb-4b1f-8ac3-3080b82cce92','7f5733a3-2cd9-44d1-b873-6e5a64d329e0','2023-06-26 14:16:43','2023-06-26 14:16:43'),('dressings','https://m.media-amazon.com/images/I/91LyHZGpcfL._AC_SY500._SX._UX._SY._UY_.jpg','bbd0d3c4-593e-4637-b97c-a95959ba910d','8206971d-b038-495f-8880-8c068477a7e5','2023-06-26 14:16:42','2023-06-26 14:16:42'),('jewelry','https://m.media-amazon.com/images/I/71skpkypBML._AC_UY500_.jpg','e0dfd71f-450e-4e22-a63b-b9e404187b54','822d4793-88c2-4fc3-a524-5c40c4d85da4','2023-06-26 14:16:42','2023-06-26 14:16:42'),('shoe','https://m.media-amazon.com/images/I/613MUPzIabL._AC_UX695_.jpg','6ca2f161-9b15-4005-966c-746e8f0689f6','82cbe60b-f2ee-467b-9913-a1e72ff13a58','2023-06-26 14:16:42','2023-06-26 14:16:42'),('dressings','https://m.media-amazon.com/images/I/6122Tc-907L._AC_SY500._SX._UX._SY._UY_.jpg','55d49011-c797-471e-a60d-12b56eecc8e7','84210308-9082-42a0-aedd-e22f37470751','2023-06-26 14:16:42','2023-06-26 14:16:42'),('tech','https://m.media-amazon.com/images/I/51iKusdOFTL._AC_SL1500_.jpg','c6d45fb2-8f3c-4bb4-8cd6-4188ab189336','84872edf-eaa1-40b8-b237-9720c6da8ca0','2023-06-26 14:16:43','2023-06-26 14:16:43'),('tech','https://m.media-amazon.com/images/I/71cllz2mLbL._AC_SL1500_.jpg','59049101-0514-4345-9ab6-9ad67f6a49fd','84a9a112-c9b4-4e08-9850-26416d4af205','2023-06-26 14:16:43','2023-06-26 14:16:43'),('tech','https://m.media-amazon.com/images/I/71I0lybSq+L._AC_SL1500_.jpg','88e1d353-e448-4763-938c-78e64fa9c4b6','859915a8-3884-4094-8278-b2ffe892ead6','2023-06-26 14:16:43','2023-06-26 14:16:43'),('shoe','https://m.media-amazon.com/images/I/612LcaTXU+L._AC_UY695_.jpg','822cf68e-7a94-46c5-87f7-2557d46b9a24','859dba3c-b669-4407-b4f4-ae6e82069eb7','2023-06-26 14:16:42','2023-06-26 14:16:42'),('dressings','https://m.media-amazon.com/images/I/61gj0Fw-6HL._AC_UX522_.jpg','3d6d30c9-739e-48d0-a6cf-32fa1f9248be','861a8760-7d68-4e4a-862a-8504fc743e20','2023-06-26 14:16:42','2023-06-26 14:16:42'),('tech','https://m.media-amazon.com/images/I/51+AZ4oGvqL._AC_SL1500_.jpg','5e117f9c-c36d-434f-9794-fb5d860aabd5','86480352-c50d-499e-bc50-4ab13af7b0ca','2023-06-26 14:16:43','2023-06-26 14:16:43'),('dressings','https://m.media-amazon.com/images/I/71I7Dl1GSnL._AC_UX466_.jpg','7eb44990-024d-45c1-a08d-8a37fc15c2a0','86b5be94-b993-4af3-a0f5-8e07137df2ef','2023-06-26 14:16:42','2023-06-26 14:16:42'),('dressings','https://m.media-amazon.com/images/I/81YNOQlofqL._AC_SY500._SX._UX._SY._UY_.jpg','a3a44cac-70a2-4220-b995-322de901b764','879ac6dc-49d4-4142-9ac6-33e1be38ec7a','2023-06-26 14:16:42','2023-06-26 14:16:42'),('dressings','https://m.media-amazon.com/images/I/61Hao0zNDrL._AC_UY500_.jpg','55d49011-c797-471e-a60d-12b56eecc8e7','8886d532-9849-496b-8047-10f7bb9886b5','2023-06-26 14:16:42','2023-06-26 14:16:42'),('dressings','https://m.media-amazon.com/images/I/71WQ+VziSNL._AC_UL320_.jpg','83f589e8-1329-4bec-8052-787479f8a2ec','88fa447f-9118-486e-bbcf-ea57b3dc9d2b','2023-06-26 14:16:42','2023-06-26 14:16:42'),('shoe','https://m.media-amazon.com/images/I/61LTl1EG6VL._AC_UY695_.jpg','97b71ffe-b659-4edd-ac52-18a36f761af5','89071ac9-2b59-4cee-8677-d60ef7d2576b','2023-06-26 14:16:42','2023-06-26 14:16:42'),('jewelry','https://m.media-amazon.com/images/I/51dSKjL6BxL._AC_UL320_.jpg','35605122-faac-48c9-86c8-8090a2cce435','8aef206f-c52b-4778-8735-d493a52d8967','2023-06-26 14:16:42','2023-06-26 14:16:42'),('dressings','https://m.media-amazon.com/images/I/61XRnO1N0nL._AC_UY500_.jpg','bce72925-aebe-45a9-9e8b-5aa167dca8fd','8af56afd-9818-4986-a68f-2d163d2b984b','2023-06-26 14:16:42','2023-06-26 14:16:42'),('shoe','https://m.media-amazon.com/images/I/61N7eGSZ8OL._AC_UX695_.jpg','2b886da2-9e5e-4c13-8751-19b17f3a4615','8c31fd01-bf46-4007-bdf7-f0f92a54afcc','2023-06-26 14:16:43','2023-06-26 14:16:43'),('jewelry','https://m.media-amazon.com/images/I/81ENSkjPeDL._SY500_.jpg','58b8af13-849b-47d1-9b1a-e27dbb8a266e','8c77550b-c53e-4cd2-877e-7ba85b3ea808','2023-06-26 14:16:42','2023-06-26 14:16:42'),('shoe','https://m.media-amazon.com/images/I/61XZthvHa3L._AC_UY695_.jpg','f2c25df5-7044-40c8-ab5b-bf9d7f6dcc16','8e5bd9a6-3191-4ea3-ab16-81f4ace21945','2023-06-26 14:16:42','2023-06-26 14:16:42'),('shoe','https://m.media-amazon.com/images/I/71iRZ5GZxHL._AC_UY695_.jpg','6419e0ae-b093-43f6-8045-58add0ba1477','8e9978bb-0ab3-414f-8520-8dc050770bd1','2023-06-26 14:16:42','2023-06-26 14:16:42'),('shoe','https://m.media-amazon.com/images/I/61KjEwdEHiL._AC_UX695_.jpg','52a3f7a8-0c84-48dd-9dd7-ccd3d8a01b55','8ebdfc6f-1c13-4ee4-b1c3-51114e9fc938','2023-06-26 14:16:43','2023-06-26 14:16:43'),('tech','https://m.media-amazon.com/images/I/71XRDYZChLL._AC_SL1500_.jpg','a808610d-1ea5-49e0-892f-a993ac0104cb','9116c5b7-cf76-42e1-a7b7-7ee400177992','2023-06-26 14:16:43','2023-06-26 14:16:43'),('dressings','https://m.media-amazon.com/images/I/91Wrk-ME8gL._AC_UY500_.jpg','bbd0d3c4-593e-4637-b97c-a95959ba910d','92f7152e-331a-456d-8640-86a7a2da3c20','2023-06-26 14:16:42','2023-06-26 14:16:42'),('tech','https://m.media-amazon.com/images/I/51d3rdyc07S._AC_SL1000_.jpg','3339ed9d-6642-4b75-a42c-deb8a1cd78c9','933899d5-7237-4a20-8e00-91d9b4d41f9c','2023-06-26 14:16:43','2023-06-26 14:16:43'),('dressings','https://m.media-amazon.com/images/I/816XDzbyLjL._AC_UX425_.jpg','10112aca-4039-478d-9b75-8df81e4a95a6','93789fc6-e685-402c-834a-61aab3aedc37','2023-06-26 14:16:42','2023-06-26 14:16:42'),('dressings','https://m.media-amazon.com/images/I/518Yz8-6bNL._AC_SX522._SX._UX._SY._UY_.jpg','ce902562-9e9c-4857-95a7-dcb2f8f7ad53','940c5159-1e39-490a-98ca-78d5e4712459','2023-06-26 14:16:42','2023-06-26 14:16:42'),('dressings','https://m.media-amazon.com/images/I/71gVJapRBML._AC_UX679_.jpg','ce902562-9e9c-4857-95a7-dcb2f8f7ad53','942ab86f-a4f6-410c-84a6-d90b6e95d237','2023-06-26 14:16:42','2023-06-26 14:16:42'),('jewelry','https://m.media-amazon.com/images/I/61uS79x9wUL._AC_UL320_.jpg','b5f75889-97c0-4eef-9e2c-b4920d77ff7e','942bf295-662f-4b08-9093-f658480b91fa','2023-06-26 14:16:42','2023-06-26 14:16:42'),('tech','https://m.media-amazon.com/images/I/61wWEtFBJQL._AC_SL1500_.jpg','4eb7be15-2444-402f-af0e-aa4f8cd5c5f5','94c63f17-ac04-476f-bc05-5d4e1da58e01','2023-06-26 14:16:43','2023-06-26 14:16:43'),('jewelry','https://m.media-amazon.com/images/I/71ZSeQAbeGL._AC_UX695_.jpg','58b8af13-849b-47d1-9b1a-e27dbb8a266e','9586db7e-dcff-4df9-9f9b-2aefc3150177','2023-06-26 14:16:42','2023-06-26 14:16:42'),('shoe','https://m.media-amazon.com/images/I/81Nwh-sJf9L._AC_UX695_.jpg','19f4db31-7f0e-40b5-a252-2bf27c6dae60','959c047f-f045-4ad3-96da-18192ff63faf','2023-06-26 14:16:42','2023-06-26 14:16:42'),('shoe','https://m.media-amazon.com/images/I/61kdMBV6sML._AC_UX695_.jpg','97b71ffe-b659-4edd-ac52-18a36f761af5','964c30a5-059b-44c4-a30d-8e55cdf539e1','2023-06-26 14:16:42','2023-06-26 14:16:42'),('shoe','https://m.media-amazon.com/images/I/718YQ4BR1CL._AC_UX695_.jpg','c59b0753-9caf-4964-a9c1-e49760f64063','978108be-64dc-466f-851f-553a3cb8aa5c','2023-06-26 14:16:42','2023-06-26 14:16:42'),('tech','https://m.media-amazon.com/images/I/51P5Q3RFnGL._AC_SL1000_.jpg','fa1eb069-478e-447f-b63e-60b60aaf3fa7','98e079ce-9c2e-42a6-ba0a-9b3c0dfc5f9c','2023-06-26 14:16:43','2023-06-26 14:16:43'),('shoe','https://m.media-amazon.com/images/I/714PuFePyBS._AC_SX695._SX._UX._SY._UY_.jpg','4287e2db-6b4d-4916-9541-0e8666ab1009','99024e9b-11d4-4dfd-9296-fc37814b1411','2023-06-26 14:16:42','2023-06-26 14:16:42'),('shoe','https://m.media-amazon.com/images/I/51E1oMoQoHL._AC_UX695_.jpg','6ca2f161-9b15-4005-966c-746e8f0689f6','99290bad-263d-42fa-a20f-996794d07183','2023-06-26 14:16:42','2023-06-26 14:16:42'),('dressings','https://m.media-amazon.com/images/I/713VGdjL60L._AC_SY500._SX._UX._SY._UY_.jpg','bce72925-aebe-45a9-9e8b-5aa167dca8fd','998b0ef1-3f7f-4da8-bc9f-fef814b7434a','2023-06-26 14:16:42','2023-06-26 14:16:42'),('shoe','https://m.media-amazon.com/images/I/711G4iluNwL._AC_UX695_.jpg','3bf8820c-03fe-422d-a6ca-3b7e397a1ed6','99f41acf-2e00-42af-becb-e6cad2d75b2a','2023-06-26 14:16:42','2023-06-26 14:16:42'),('shoe','https://m.media-amazon.com/images/I/51UxVnGwoAL._AC_UY695_.jpg','822cf68e-7a94-46c5-87f7-2557d46b9a24','9a7c0d6a-07e1-4350-95e0-c60fa0f7ed5a','2023-06-26 14:16:42','2023-06-26 14:16:42'),('tech','https://m.media-amazon.com/images/I/81Os6umSyIL._AC_SL1500_.jpg','759a58db-213c-4353-887d-4f3a6077e140','9c41edf1-4600-4b29-b4ca-efa2cd8b5181','2023-06-26 14:16:43','2023-06-26 14:16:43'),('shoe','https://m.media-amazon.com/images/I/61AsKY+oQ5L._AC_UX695_.jpg','d9b19479-3cf2-4373-9ef6-6d7de91544f4','9cb5e60a-277a-4d38-92bf-461a9f51dbf2','2023-06-26 14:16:42','2023-06-26 14:16:42'),('jewelry','https://m.media-amazon.com/images/I/710cDAXoLWL._AC_UY500_.jpg','e0dfd71f-450e-4e22-a63b-b9e404187b54','9d10779c-234b-4e94-8a63-39278ee2a490','2023-06-26 14:16:42','2023-06-26 14:16:42'),('shoe','https://m.media-amazon.com/images/I/81dKwDmi5qL._AC_UY695_.jpg','19f4db31-7f0e-40b5-a252-2bf27c6dae60','9d3c947a-884c-466b-984d-d4d41b8c4a09','2023-06-26 14:16:42','2023-06-26 14:16:42'),('dressings','https://m.media-amazon.com/images/I/71KPRLiRx+L._AC_SX425._SX._UX._SY._UY_.jpg','5f10d447-4885-4078-ae02-7ee7f576e3e4','9d3ffdc8-8564-44e5-a210-ac11ea226e0e','2023-06-26 14:16:42','2023-06-26 14:16:42'),('shoe','https://m.media-amazon.com/images/I/61YlI1ghl-L._AC_UY695_.jpg','3bf8820c-03fe-422d-a6ca-3b7e397a1ed6','9fa23d75-9f71-4772-be0f-464e1296be12','2023-06-26 14:16:42','2023-06-26 14:16:42'),('tech','https://m.media-amazon.com/images/I/61-8dxBrDHS._AC_SL1000_.jpg','44074998-d8f2-45d8-beb7-a9292a3017db','a131148f-c39e-44d0-b517-1ac9055a2dbf','2023-06-26 14:16:43','2023-06-26 14:16:43'),('dressings','https://m.media-amazon.com/images/I/81JmWLdrztL._AC_UL320_.jpg','094abe3c-8b40-43ef-a85e-7895a3e4ea11','a160ac87-e3c7-4bf7-8d91-af52e03e6d9f','2023-06-26 14:16:42','2023-06-26 14:16:42'),('dressings','https://m.media-amazon.com/images/I/61iOfz0c9VS._AC_UX425_.jpg','74c534e2-c269-46f1-9d23-5bb6ba0e13c4','a2c7bcab-1525-450f-877c-51d11f92916f','2023-06-26 14:16:42','2023-06-26 14:16:42'),('shoe','https://m.media-amazon.com/images/I/61-iymvpDxS._AC_UY695_.jpg','0a190748-831f-4235-8e51-3ff95098f2e9','a2e71a4e-ab95-4f13-b4ff-53356b614ade','2023-06-26 14:16:42','2023-06-26 14:16:42'),('shoe','https://m.media-amazon.com/images/I/71WYok9of-L._AC_UX695_.jpg','6898a8bb-426e-44be-b388-274a11994d6c','a2f72e6a-97a7-4c2d-8f89-89bfb8e7ec0c','2023-06-26 14:16:42','2023-06-26 14:16:42'),('shoe','https://m.media-amazon.com/images/I/81Fngbi2yzL._AC_UX695_.jpg','2fffab74-fb58-472a-82c2-d92c96fa2914','a3e2ebbb-d6ea-45c2-a372-fdc684a78cb4','2023-06-26 14:16:42','2023-06-26 14:16:42'),('tech','https://m.media-amazon.com/images/I/51hrw0Ubs+L._SL1000_.jpg','a3f6dc60-62fb-42ef-b118-6ee0360fc880','a3f48209-3113-45d3-886b-f2c9444c852e','2023-06-26 14:16:43','2023-06-26 14:16:43'),('tech','https://m.media-amazon.com/images/I/51cGlUCK5WL._AC_SL1000_.jpg','e599a11b-86a4-421c-bfac-86ed7d5e1181','a482d2a5-edfa-440b-ac52-49e2ac07b429','2023-06-26 14:16:43','2023-06-26 14:16:43'),('shoe','https://m.media-amazon.com/images/I/71uqDWv+aRS._AC_UY695_.jpg','0a190748-831f-4235-8e51-3ff95098f2e9','a50ea5ce-5b9f-40ec-ac4c-b450c0ecc6f4','2023-06-26 14:16:42','2023-06-26 14:16:42'),('shoe','https://m.media-amazon.com/images/I/71J8vzvFilL._AC_UX695_.jpg','c59b0753-9caf-4964-a9c1-e49760f64063','a71c2e13-8ba7-4ad8-95a0-09d956ebf1ec','2023-06-26 14:16:42','2023-06-26 14:16:42'),('jewelry','https://m.media-amazon.com/images/I/91+vc+hbYZL._AC_SY679._SX._UX._SY._UY_.jpg','faebf4f0-2181-4080-8f96-84ee26e9a7ea','a792624d-c8e2-4795-8df4-e0bce3d73ef0','2023-06-26 14:16:42','2023-06-26 14:16:42'),('shoe','https://m.media-amazon.com/images/I/71nduOwVEQL._AC_UX695_.jpg','736a7fdd-5af7-4b08-aa18-4a5e223b8d18','a7f02bf5-fe75-4e36-bd1c-6a4947590509','2023-06-26 14:16:43','2023-06-26 14:16:43'),('shoe','https://m.media-amazon.com/images/I/71LgKhc752L._AC_UX695_.jpg','97b71ffe-b659-4edd-ac52-18a36f761af5','a7fc7ffb-cca4-4e45-bd1d-8abdb8bfcb82','2023-06-26 14:16:42','2023-06-26 14:16:42'),('tech','https://m.media-amazon.com/images/I/61IYXIbHsSL._AC_SL1500_.jpg','0e79c2a9-695e-4154-a113-9131f26f187e','a88228dd-d019-404d-a915-b104abdec0ee','2023-06-26 14:16:43','2023-06-26 14:16:43'),('jewelry','https://m.media-amazon.com/images/I/71U3VmbxAEL._AC_SY500._SX._UX._SY._UY_.jpg','b5f75889-97c0-4eef-9e2c-b4920d77ff7e','a8f0ede2-7f80-4588-9b11-10e2e7cc0ebd','2023-06-26 14:16:42','2023-06-26 14:16:42'),('dressings','https://m.media-amazon.com/images/I/91gzMPf+1+L._AC_UL320_.jpg','094abe3c-8b40-43ef-a85e-7895a3e4ea11','a95611fe-02e2-48ce-97ea-44699cf5a2b4','2023-06-26 14:16:42','2023-06-26 14:16:42'),('dressings','https://m.media-amazon.com/images/I/71EDbHLemlL._AC_UX466_.jpg','937da544-b2b2-4bbd-b857-d18ec707833b','a9814b2b-fa2c-4c52-bcce-2551fa8afeeb','2023-06-26 14:16:42','2023-06-26 14:16:42'),('tech','https://m.media-amazon.com/images/I/91G3dIPWmZL._SL1500_.jpg','a3f6dc60-62fb-42ef-b118-6ee0360fc880','aa1de42b-af5c-4123-bfba-0142ef4484f7','2023-06-26 14:16:43','2023-06-26 14:16:43'),('jewelry','https://m.media-amazon.com/images/I/61i-JdC0T4L._AC_UL320_.jpg','b5f75889-97c0-4eef-9e2c-b4920d77ff7e','aa5cdda4-168e-42ea-8e03-ceabf55c2838','2023-06-26 14:16:42','2023-06-26 14:16:42'),('shoe','https://m.media-amazon.com/images/I/61DONhmIjVS._AC_UY695_.jpg','5ec26321-8d27-49ca-9055-ef42bb26562d','aaff00b3-9b2e-492f-b419-64dd643c8757','2023-06-26 14:16:42','2023-06-26 14:16:42'),('dressings','https://m.media-amazon.com/images/I/51TGAXFcpYL._AC_UX522_.jpg','6e68fbcc-74cc-4fa5-9f5d-f9417d5235df','abe719cc-3667-46b5-9163-4851eb88b377','2023-06-26 14:16:42','2023-06-26 14:16:42'),('dressings','https://m.media-amazon.com/images/I/71LdGWdDVxL._AC_UL320_.jpg','094abe3c-8b40-43ef-a85e-7895a3e4ea11','ac59130c-c18f-4b91-b163-97beb851a4ad','2023-06-26 14:16:42','2023-06-26 14:16:42'),('tech','https://m.media-amazon.com/images/I/61HF+9WZVEL._AC_SL1500_.jpg','86c0809a-e5fb-4b1f-8ac3-3080b82cce92','acce5ca4-4c3b-4f8a-a360-6f246d5cc01b','2023-06-26 14:16:43','2023-06-26 14:16:43'),('dressings','https://m.media-amazon.com/images/I/81xpDKxGXZL._AC_UY500_.jpg','3444d63f-c142-430f-bde5-09ead3260f55','ad45abb4-9c95-4ffc-97b2-130cc951d3b3','2023-06-26 14:16:42','2023-06-26 14:16:42'),('tech','https://m.media-amazon.com/images/I/6193W1JZoiL._AC_SL1500_.jpg','4b5414e7-2c7d-412e-9b5a-cfb286f20956','ad678636-9bab-4f55-9609-55cbd91db327','2023-06-26 14:16:43','2023-06-26 14:16:43'),('tech','https://m.media-amazon.com/images/I/71u2LxC69hL._AC_SL1500_.jpg','a808610d-1ea5-49e0-892f-a993ac0104cb','ad7117cb-6dd0-442b-9d72-0ab00d430e58','2023-06-26 14:16:43','2023-06-26 14:16:43'),('shoe','https://m.media-amazon.com/images/I/71X-u2nEiHL._AC_UY695_.jpg','6898a8bb-426e-44be-b388-274a11994d6c','ad80f0b5-48a2-4d10-9bf6-74356110d9f6','2023-06-26 14:16:42','2023-06-26 14:16:42'),('tech','https://m.media-amazon.com/images/I/6135Uo47QyL._AC_SL1500_.jpg','c6d45fb2-8f3c-4bb4-8cd6-4188ab189336','adf45185-a7f6-4566-a339-5702d2416064','2023-06-26 14:16:43','2023-06-26 14:16:43'),('tech','https://m.media-amazon.com/images/I/61UtiVRLVTL._AC_SL1500_.jpg','dcd1f810-42da-4973-aa0f-71d5d7a991ec','ae1a49a3-57cb-4992-bb2c-137a872a89cc','2023-06-26 14:16:43','2023-06-26 14:16:43'),('dressings','https://m.media-amazon.com/images/I/71c8-ZCx0jL._AC_UX522_.jpg','750a4e7f-02dd-4e4e-98fa-53554c222aa2','aed2e3e0-db7c-4dc5-877d-01dac2d69cd9','2023-06-26 14:16:42','2023-06-26 14:16:42'),('dressings','https://m.media-amazon.com/images/I/61lgqzzXNcL._AC_UX522_.jpg','3d6d30c9-739e-48d0-a6cf-32fa1f9248be','af353bab-1699-49e7-999f-8e84786e8f5b','2023-06-26 14:16:42','2023-06-26 14:16:42'),('shoe','https://m.media-amazon.com/images/I/81HINq4uPpS._AC_UX695_.jpg','5ec26321-8d27-49ca-9055-ef42bb26562d','afb5c5bc-bc65-437f-9c24-a20f6e324658','2023-06-26 14:16:42','2023-06-26 14:16:42'),('jewelry','https://m.media-amazon.com/images/I/91AI4yCnLBL._AC_SY679._SX._UX._SY._UY_.jpg','faebf4f0-2181-4080-8f96-84ee26e9a7ea','b0e59098-ccf9-4b8d-a0cb-bb186a147b7a','2023-06-26 14:16:42','2023-06-26 14:16:42'),('tech','https://m.media-amazon.com/images/I/61LtC+b1z5L._AC_SL1500_.jpg','5812cdb4-f4cb-4d10-85c2-935aaa7f15d7','b3009026-23d3-4e9d-860a-724454807692','2023-06-26 14:16:43','2023-06-26 14:16:43'),('tech','https://m.media-amazon.com/images/I/61QpDsZtGmL._AC_SL1500_.jpg','521b4acb-003b-401f-b34e-780b94286e91','b32e4c21-515d-4e70-8b55-f8f8be61d160','2023-06-26 14:16:43','2023-06-26 14:16:43'),('shoe','https://m.media-amazon.com/images/I/71seXZCNiVL._AC_UX695_.jpg','6419e0ae-b093-43f6-8045-58add0ba1477','b35d51f2-7665-498e-b91f-05581dd80461','2023-06-26 14:16:42','2023-06-26 14:16:42'),('shoe','https://m.media-amazon.com/images/I/61h+twEpF8S._AC_UY695_.jpg','0a190748-831f-4235-8e51-3ff95098f2e9','b3a44378-89d2-4f91-8eef-f0208f61fcae','2023-06-26 14:16:42','2023-06-26 14:16:42'),('dressings','https://m.media-amazon.com/images/I/51lGwBhoHiL._AC_UX522_.jpg','7d107da7-b73e-4ee9-bd26-8f7d8683c32d','b4df9774-a626-4a17-9a37-aabe859f93a9','2023-06-26 14:16:42','2023-06-26 14:16:42'),('tech','https://m.media-amazon.com/images/I/81ZvaBihNsL._AC_SL1500_.jpg','4eb7be15-2444-402f-af0e-aa4f8cd5c5f5','b5a27d0a-6996-4aec-a526-e1e9c16fcf71','2023-06-26 14:16:43','2023-06-26 14:16:43'),('tech','https://m.media-amazon.com/images/I/71ymHEkCcNL._AC_SL1500_.jpg','5e117f9c-c36d-434f-9794-fb5d860aabd5','b77e5670-24b1-4c08-864a-db7a53dd3f98','2023-06-26 14:16:43','2023-06-26 14:16:43'),('jewelry','https://m.media-amazon.com/images/I/71uaqiNBzoS._AC_SX679._SX._UX._SY._UY_.jpg','faebf4f0-2181-4080-8f96-84ee26e9a7ea','b7874180-f7b1-4dba-8d6d-4bd17d1b7c72','2023-06-26 14:16:42','2023-06-26 14:16:42'),('tech','https://m.media-amazon.com/images/I/81Ci2eDdZEL._SL1500_.jpg','790cef69-da4d-4c18-a623-bb993df30c2e','b7a67356-e7e8-4d82-8765-fa3d97e514a0','2023-06-26 14:16:43','2023-06-26 14:16:43'),('tech','https://m.media-amazon.com/images/I/81BmB0Mx2rL._AC_SL1500_.jpg','4eb7be15-2444-402f-af0e-aa4f8cd5c5f5','b9544373-3c5f-4bf6-b962-eeb881b32f14','2023-06-26 14:16:43','2023-06-26 14:16:43'),('shoe','https://m.media-amazon.com/images/I/613deQsgFJL._AC_UX695_.jpg','d9b19479-3cf2-4373-9ef6-6d7de91544f4','bb618ade-aa21-4641-a280-9c684f37fe0f','2023-06-26 14:16:42','2023-06-26 14:16:42'),('tech','https://m.media-amazon.com/images/I/71ho2IWjt-L._AC_SL1500_.jpg','a808610d-1ea5-49e0-892f-a993ac0104cb','bb7c0e67-c447-4411-8529-7ba4acb8794a','2023-06-26 14:16:43','2023-06-26 14:16:43'),('shoe','https://m.media-amazon.com/images/I/81739AvzTgL._AC_UX695_.jpg','3bf8820c-03fe-422d-a6ca-3b7e397a1ed6','bd552eb1-f089-4e62-8d59-de7da5c4121b','2023-06-26 14:16:42','2023-06-26 14:16:42'),('shoe','https://m.media-amazon.com/images/I/71Ue0se0QhL._AC_UX695_.jpg','736a7fdd-5af7-4b08-aa18-4a5e223b8d18','be3072ca-88cc-45e0-8dab-5a43d0a1841d','2023-06-26 14:16:43','2023-06-26 14:16:43'),('dressings','https://m.media-amazon.com/images/I/5120h68MVTL._AC_SX425._SX._UX._SY._UY_.jpg','ce902562-9e9c-4857-95a7-dcb2f8f7ad53','bed77e85-a37d-4b34-b6e1-729c3aa9f36d','2023-06-26 14:16:42','2023-06-26 14:16:42'),('tech','https://m.media-amazon.com/images/I/71o-UWbUMYL._SL1500_.jpg','790cef69-da4d-4c18-a623-bb993df30c2e','bf92bdc3-2eb5-4dff-862f-ea85ef18819f','2023-06-26 14:16:43','2023-06-26 14:16:43'),('dressings','https://m.media-amazon.com/images/I/610sVN7mZ2S._AC_SX522._SX._UX._SY._UY_.jpg','10112aca-4039-478d-9b75-8df81e4a95a6','c1059b02-a513-4b0e-96e6-8b3324783e50','2023-06-26 14:16:42','2023-06-26 14:16:42'),('tech','https://m.media-amazon.com/images/I/71jvbxyQ2TL._AC_SL1500_.jpg','c7e2e17b-b137-40b6-bdad-a10dbba62022','c140e4b4-2090-4f62-984e-6e0cffc0cfda','2023-06-26 14:16:43','2023-06-26 14:16:43'),('shoe','https://m.media-amazon.com/images/I/81qF9LbB4ZL._AC_UX695_.jpg','736a7fdd-5af7-4b08-aa18-4a5e223b8d18','c2a5a177-8d9e-45c5-b314-5e69c22ac8a8','2023-06-26 14:16:43','2023-06-26 14:16:43'),('dressings','https://m.media-amazon.com/images/I/71TnkWI2QwL._AC_UY500_.jpg','bce72925-aebe-45a9-9e8b-5aa167dca8fd','c2e478cb-4fd9-429b-acfb-b8fb6b0f13aa','2023-06-26 14:16:42','2023-06-26 14:16:42'),('tech','https://m.media-amazon.com/images/I/61YNZiYKS+L._AC_SL1500_.jpg','cd643081-c418-4ebb-8de8-aa1dd6c5d9fd','c3c3e33b-8e6d-4ddc-bf82-c4026bd1af4b','2023-06-26 14:16:43','2023-06-26 14:16:43'),('tech','https://m.media-amazon.com/images/I/71wSoXn0NBL._AC_SL1500_.jpg','5e117f9c-c36d-434f-9794-fb5d860aabd5','c437fb07-a44b-46f8-9cc1-fafe1d374707','2023-06-26 14:16:43','2023-06-26 14:16:43'),('shoe','https://m.media-amazon.com/images/I/61AJ68gsAjL._AC_UX695_.jpg','2b886da2-9e5e-4c13-8751-19b17f3a4615','c5c3627b-f116-4ab5-9151-fadf90b71912','2023-06-26 14:16:43','2023-06-26 14:16:43'),('dressings','https://m.media-amazon.com/images/I/918xsyfY31L._AC_UY500_.jpg','bbd0d3c4-593e-4637-b97c-a95959ba910d','c5d1b522-b085-4cd5-8eab-0031afe6f3a8','2023-06-26 14:16:42','2023-06-26 14:16:42'),('tech','https://m.media-amazon.com/images/I/71PefOEriPL._SL1500_.jpg','a23d5e1d-f407-469d-939e-d537b237d0c8','c74b0768-0403-4bc5-a896-1dfdf0a7eadb','2023-06-26 14:16:43','2023-06-26 14:16:43'),('shoe','https://m.media-amazon.com/images/I/81OqvlERnZL._AC_UY695_.jpg','bf16b3bf-5cb0-4ee5-96e3-594769afb171','c858ecef-7801-4337-a0a8-95bea7e7e80a','2023-06-26 14:16:42','2023-06-26 14:16:42'),('shoe','https://m.media-amazon.com/images/I/51Jl6ZmqQ5L._AC_UY695_.jpg','13a0e012-0986-4543-8f6c-d8cce11b01c0','ca0ef3a2-58a6-4956-8711-04aadfc52285','2023-06-26 14:16:42','2023-06-26 14:16:42'),('dressings','https://m.media-amazon.com/images/I/71SfS9mFmmL._AC_UX466_.jpg','7eb44990-024d-45c1-a08d-8a37fc15c2a0','ca89398f-d706-44a7-b05b-e9038cf254dc','2023-06-26 14:16:42','2023-06-26 14:16:42'),('dressings','https://m.media-amazon.com/images/I/61AznaDWueL._AC_SY500._SX._UX._SY._UY_.jpg','42bbecae-9abc-42a1-995d-c8ac09e1a07a','cabc88b7-c93a-429d-a892-7930141b3440','2023-06-26 14:16:42','2023-06-26 14:16:42'),('tech','https://m.media-amazon.com/images/I/713ShDiciHL._AC_SL1500_.jpg','759a58db-213c-4353-887d-4f3a6077e140','cb158cbb-e087-4fd6-b1ea-32af0d2e1a17','2023-06-26 14:16:43','2023-06-26 14:16:43'),('tech','https://m.media-amazon.com/images/I/71SOUtEc3JL._AC_SL1000_.jpg','e599a11b-86a4-421c-bfac-86ed7d5e1181','cb74a2f2-6520-4e9d-a694-7ae6dd44aace','2023-06-26 14:16:43','2023-06-26 14:16:43'),('tech','https://m.media-amazon.com/images/I/71Yz2oAit-L._AC_SL1500_.jpg','5e117f9c-c36d-434f-9794-fb5d860aabd5','cc6add81-bdfa-47e8-b548-a5b65806a088','2023-06-26 14:16:43','2023-06-26 14:16:43'),('tech','https://m.media-amazon.com/images/I/514rdmWAkAL._AC_SL1000_.jpg','c7e2e17b-b137-40b6-bdad-a10dbba62022','ccf3690d-6d37-487a-abef-de271a4e69b3','2023-06-26 14:16:43','2023-06-26 14:16:43'),('tech','https://m.media-amazon.com/images/I/51IO2Uu019L._AC_SL1500_.jpg','6da752b9-bb50-4284-8cdf-19293a79f75e','cebea660-1e00-4888-aa42-aedb9f04aa60','2023-06-26 14:16:43','2023-06-26 14:16:43'),('jewelry','https://m.media-amazon.com/images/I/61R1UtYaYUL._AC_UY500_.jpg','ab8c602d-2699-4e0e-bbbb-02c5106b41f4','cedaef10-750b-4987-92d0-df595f9d6fc8','2023-06-26 14:16:42','2023-06-26 14:16:42'),('tech','https://m.media-amazon.com/images/I/91GkjaDhHoL._AC_SL1500_.jpg','0e79c2a9-695e-4154-a113-9131f26f187e','cf0533cd-8a51-47e9-ae3c-807fa0323660','2023-06-26 14:16:43','2023-06-26 14:16:43'),('tech','https://m.media-amazon.com/images/I/71gTVrX7NiL._AC_SL1500_.jpg','eb91170d-3ea8-47e4-aa9e-b90a838a7a6a','d0bf89aa-aec3-49c3-b303-8cb5ba54ada0','2023-06-26 14:16:43','2023-06-26 14:16:43'),('shoe','https://m.media-amazon.com/images/I/61z3+HY70qL._AC_UY695_.jpg','f2c25df5-7044-40c8-ab5b-bf9d7f6dcc16','d1001ca2-64f0-4871-ba0c-1e155ce3f23e','2023-06-26 14:16:42','2023-06-26 14:16:42'),('shoe','https://m.media-amazon.com/images/I/61iAmsvAScL._AC_UY695_.jpg','6419e0ae-b093-43f6-8045-58add0ba1477','d167730f-00d4-4a9d-b24e-e5051ba3164c','2023-06-26 14:16:42','2023-06-26 14:16:42'),('tech','https://m.media-amazon.com/images/I/711O20VR6vL._AC_SL1500_.jpg','3339ed9d-6642-4b75-a42c-deb8a1cd78c9','d2b1a2f8-23ce-409f-b88d-417fb9ad7b94','2023-06-26 14:16:43','2023-06-26 14:16:43'),('tech','https://m.media-amazon.com/images/I/71xqwhmVO5L._AC_SL1500_.jpg','dcd1f810-42da-4973-aa0f-71d5d7a991ec','d32d4e3b-263e-4cec-8ac6-c5c9bb3aa365','2023-06-26 14:16:43','2023-06-26 14:16:43'),('tech','https://m.media-amazon.com/images/I/71YdE55GwjL._AC_SL1500_.jpg','0e79c2a9-695e-4154-a113-9131f26f187e','d4715242-0c31-4acc-89f0-62dc73b90427','2023-06-26 14:16:43','2023-06-26 14:16:43'),('tech','https://m.media-amazon.com/images/I/81hzxXdGcHL._SL1500_.jpg','a3f6dc60-62fb-42ef-b118-6ee0360fc880','d5b39b54-cdc4-4b38-8a43-165b6b09fabd','2023-06-26 14:16:43','2023-06-26 14:16:43'),('shoe','https://m.media-amazon.com/images/I/71U5dgj62RS._AC_SY695._SX._UX._SY._UY_.jpg','4287e2db-6b4d-4916-9541-0e8666ab1009','d6e3924c-e3dc-42ff-b3b5-68c6848a87d5','2023-06-26 14:16:42','2023-06-26 14:16:42'),('dressings','https://m.media-amazon.com/images/I/71SXXlcF9eL._AC_SX425._SX._UX._SY._UY_.jpg','ce902562-9e9c-4857-95a7-dcb2f8f7ad53','d7dab995-41e9-4941-99be-d8d4ec783188','2023-06-26 14:16:42','2023-06-26 14:16:42'),('jewelry','https://m.media-amazon.com/images/I/71RxQAwZj2L._AC_UL320_.jpg','35605122-faac-48c9-86c8-8090a2cce435','d84f3b39-f8e2-48ca-8330-5d284eddb36f','2023-06-26 14:16:42','2023-06-26 14:16:42'),('dressings','https://m.media-amazon.com/images/I/71GPZzr-vsL._AC_UX425_.jpg','bbd0d3c4-593e-4637-b97c-a95959ba910d','d877bb7c-5b2b-4ab3-b526-40e841fb730b','2023-06-26 14:16:42','2023-06-26 14:16:42'),('tech','https://m.media-amazon.com/images/I/71GO79IeU8L._AC_SL1500_.jpg','fa1eb069-478e-447f-b63e-60b60aaf3fa7','d90bedb3-e25e-4e63-a195-f9a0de461399','2023-06-26 14:16:43','2023-06-26 14:16:43'),('dressings','https://m.media-amazon.com/images/I/71cQPh7ahML._AC_UX466_.jpg','7eb44990-024d-45c1-a08d-8a37fc15c2a0','da184da2-4da7-4e42-beef-35dd0816b584','2023-06-26 14:16:42','2023-06-26 14:16:42'),('dressings','https://m.media-amazon.com/images/I/716wRrjIGlL._AC_UY500_.jpg','3444d63f-c142-430f-bde5-09ead3260f55','da742687-9b7c-4f1e-af61-9365f1e63669','2023-06-26 14:16:42','2023-06-26 14:16:42'),('shoe','https://m.media-amazon.com/images/I/51RF3hTC0zL._AC_UY695_.jpg','97b71ffe-b659-4edd-ac52-18a36f761af5','da8a2574-7564-4651-9430-677b8235fffd','2023-06-26 14:16:42','2023-06-26 14:16:42'),('dressings','https://m.media-amazon.com/images/I/71DQDM2CYTL._AC_SY500._SX._UX._SY._UY_.jpg','42bbecae-9abc-42a1-995d-c8ac09e1a07a','da8f3cdc-da8d-46a8-bd71-c2b110bc463e','2023-06-26 14:16:42','2023-06-26 14:16:42'),('dressings','https://m.media-amazon.com/images/I/91prscseYNL._AC_UL320_.jpg','094abe3c-8b40-43ef-a85e-7895a3e4ea11','da90eee6-c433-4da4-b970-5bb9b8922800','2023-06-26 14:16:42','2023-06-26 14:16:42'),('jewelry','https://m.media-amazon.com/images/I/51DSl4UAfIL._AC_UL320_.jpg','e0dfd71f-450e-4e22-a63b-b9e404187b54','da9b1c1b-bdcd-4afb-8f28-b4a54ebaaa2c','2023-06-26 14:16:42','2023-06-26 14:16:42'),('jewelry','https://m.media-amazon.com/images/I/71SF03OXgxL._AC_UL320_.jpg','35605122-faac-48c9-86c8-8090a2cce435','db678432-5d6e-4f51-b439-bc4c784a77a4','2023-06-26 14:16:42','2023-06-26 14:16:42'),('shoe','https://m.media-amazon.com/images/I/61NQPVbdA8L._AC_UX695_.jpg','d9b19479-3cf2-4373-9ef6-6d7de91544f4','db9c7926-fb07-40f6-b500-8b1b269e7148','2023-06-26 14:16:42','2023-06-26 14:16:42'),('dressings','https://m.media-amazon.com/images/I/71McBmzgXVL._AC_UY500_.jpg','5f10d447-4885-4078-ae02-7ee7f576e3e4','dc0b3f16-a42a-486c-907e-b017e8ac24de','2023-06-26 14:16:42','2023-06-26 14:16:42'),('tech','https://m.media-amazon.com/images/I/61vhOVfBmhL._AC_SL1500_.jpg','dcd1f810-42da-4973-aa0f-71d5d7a991ec','dcf88641-f887-41f7-bc22-aee7ef84f831','2023-06-26 14:16:43','2023-06-26 14:16:43'),('tech','https://m.media-amazon.com/images/I/91DoVPftAhL._AC_SL1500_.jpg','88e1d353-e448-4763-938c-78e64fa9c4b6','dd3b588f-8d80-4617-9f3f-4586d0c97e5d','2023-06-26 14:16:43','2023-06-26 14:16:43'),('tech','https://m.media-amazon.com/images/I/815iFoALdXL._AC_SL1500_.jpg','e33ec436-018c-4ff1-a23b-78a7474076b4','de580a9c-e31b-4028-bacd-c2cb5d9646f7','2023-06-26 14:16:43','2023-06-26 14:16:43'),('dressings','https://m.media-amazon.com/images/I/81ICfMUsJ3L._AC_UY500_.jpg','2ecb8d49-7afc-40c1-ade7-c85a41e7018d','df1fe35a-4136-4fe1-ad93-539e98004694','2023-06-26 14:16:42','2023-06-26 14:16:42'),('dressings','https://m.media-amazon.com/images/I/71k8LD845OL._AC_UX425_.jpg','10112aca-4039-478d-9b75-8df81e4a95a6','df646974-92b8-491c-8dbd-625c48ad4348','2023-06-26 14:16:42','2023-06-26 14:16:42'),('tech','https://m.media-amazon.com/images/I/61Uy4GVp-UL._AC_SL1500_.jpg','cd643081-c418-4ebb-8de8-aa1dd6c5d9fd','df9a9db2-263a-4cd7-9c16-1ca5fa0a71f7','2023-06-26 14:16:43','2023-06-26 14:16:43'),('jewelry','https://m.media-amazon.com/images/I/91FCvASH7xL._AC_UY500_.jpg','2ea61e33-9413-4cdf-8845-8f0c90b21abd','e0b9d1a0-b516-4d16-9417-ecf618c9af2f','2023-06-26 14:16:42','2023-06-26 14:16:42'),('tech','https://m.media-amazon.com/images/I/919v9a1vAFL._AC_SL1500_.jpg','3339ed9d-6642-4b75-a42c-deb8a1cd78c9','e0f59df8-e496-45b2-a958-55f61b75e464','2023-06-26 14:16:43','2023-06-26 14:16:43'),('dressings','https://m.media-amazon.com/images/I/71b1RNdO+jL._AC_SY500._SX._UX._SY._UY_.jpg','55d49011-c797-471e-a60d-12b56eecc8e7','e24a158b-ba51-4881-8834-e65ea2146cc8','2023-06-26 14:16:42','2023-06-26 14:16:42'),('tech','https://m.media-amazon.com/images/I/71KTwMZ19OL._SL1500_.jpg','a3f6dc60-62fb-42ef-b118-6ee0360fc880','e318a991-6b9d-45a0-b2de-064c6fa1c03d','2023-06-26 14:16:43','2023-06-26 14:16:43'),('tech','https://m.media-amazon.com/images/I/61XUv5nLUOL._AC_SL1000_.jpg','c7e2e17b-b137-40b6-bdad-a10dbba62022','e4df2ae9-69ab-40a0-8f65-de02b8d7b175','2023-06-26 14:16:43','2023-06-26 14:16:43'),('shoe','https://m.media-amazon.com/images/I/61lf8BFnoaL._AC_UX695_.jpg','13a0e012-0986-4543-8f6c-d8cce11b01c0','e4e52685-19a0-4163-a8aa-e1174370ed65','2023-06-26 14:16:42','2023-06-26 14:16:42'),('shoe','https://m.media-amazon.com/images/I/61B0Z8btP7L._AC_UX695_.jpg','52a3f7a8-0c84-48dd-9dd7-ccd3d8a01b55','e601cfc4-d727-40a1-b4b6-932104d1932e','2023-06-26 14:16:43','2023-06-26 14:16:43'),('dressings','https://m.media-amazon.com/images/I/91t3+vS3DJL._AC_SY500._SX._UX._SY._UY_.jpg','a3a44cac-70a2-4220-b995-322de901b764','e667227e-b4dd-459e-a4ec-5c552702b0fd','2023-06-26 14:16:42','2023-06-26 14:16:42'),('dressings','https://m.media-amazon.com/images/I/71XxUE-nVjL._AC_UL320_.jpg','094abe3c-8b40-43ef-a85e-7895a3e4ea11','e6f7abae-fd4b-4397-97cc-f7dd654f13f9','2023-06-26 14:16:42','2023-06-26 14:16:42'),('tech','https://m.media-amazon.com/images/I/717ckvXvIvL._AC_SL1500_.jpg','eb91170d-3ea8-47e4-aa9e-b90a838a7a6a','e720e85d-0363-4097-8960-caa4ab61bb54','2023-06-26 14:16:43','2023-06-26 14:16:43'),('tech','https://m.media-amazon.com/images/I/61aZPrFYJZL._AC_SL1000_.jpg','23f2ed15-689f-4559-a8de-d28f7d21fe8c','e75578bf-8256-461b-8603-2266be64ddd0','2023-06-26 14:16:43','2023-06-26 14:16:43'),('jewelry','https://m.media-amazon.com/images/I/51TFmMUGF1L._AC_.jpg','faebf4f0-2181-4080-8f96-84ee26e9a7ea','e7c71e6b-c42b-44ad-a8ff-325ca440c67e','2023-06-26 14:16:42','2023-06-26 14:16:42'),('dressings','https://m.media-amazon.com/images/I/713k3iW5ciL._AC_UX425_.jpg','943c01a1-d731-4de5-bf5e-8ef209820423','e8168181-b23b-4e09-ae0c-ccd9b646477a','2023-06-26 14:16:42','2023-06-26 14:16:42'),('tech','https://m.media-amazon.com/images/I/51IO2Uu019L._AC_SL1500_.jpg','6da752b9-bb50-4284-8cdf-19293a79f75e','eb186761-4c10-4bda-9d0f-4863bb6dc6f2','2023-06-26 14:16:43','2023-06-26 14:16:43'),('tech','https://m.media-amazon.com/images/I/71jJo+lZkmL._AC_SL1500_.jpg','e33ec436-018c-4ff1-a23b-78a7474076b4','ebdd83f2-87be-4753-9fcd-7b712abeb142','2023-06-26 14:16:43','2023-06-26 14:16:43'),('jewelry','https://m.media-amazon.com/images/I/910978fCS5L._AC_UX425_.jpg','5c509acb-6e20-431f-8e35-2d0e2a9dd7f8','ebfe0ac1-edb1-4b65-abc3-0ef954ec2d00','2023-06-26 14:16:42','2023-06-26 14:16:42'),('shoe','https://m.media-amazon.com/images/I/51IQ-x12lCL._AC_UY695_.jpg','822cf68e-7a94-46c5-87f7-2557d46b9a24','ec0415f4-18a2-41c9-8678-5422d55df4db','2023-06-26 14:16:42','2023-06-26 14:16:42'),('dressings','https://m.media-amazon.com/images/I/610hMjFK9DL._AC_SY500._SX._UX._SY._UY_.jpg','42bbecae-9abc-42a1-995d-c8ac09e1a07a','ec295e12-30ff-42a7-9da0-4343283398b3','2023-06-26 14:16:42','2023-06-26 14:16:42'),('dressings','https://m.media-amazon.com/images/I/61Yqi4wiDuL._AC_UL320_.jpg','83f589e8-1329-4bec-8052-787479f8a2ec','ecf9e143-7a39-47e3-827f-3364af670a75','2023-06-26 14:16:42','2023-06-26 14:16:42'),('tech','https://m.media-amazon.com/images/I/61NoSN0Y3SL._AC_SL1500_.jpg','6da752b9-bb50-4284-8cdf-19293a79f75e','ee18e172-cb0c-4f19-867a-433c4ebc7744','2023-06-26 14:16:43','2023-06-26 14:16:43'),('shoe','https://m.media-amazon.com/images/I/81-sKek72NL._AC_UY695_.jpg','19f4db31-7f0e-40b5-a252-2bf27c6dae60','eef426b8-98aa-4104-a962-2da1ad7004a3','2023-06-26 14:16:42','2023-06-26 14:16:42'),('shoe','https://m.media-amazon.com/images/I/61GiUyKsKYL._AC_UX695_.jpg','97b71ffe-b659-4edd-ac52-18a36f761af5','efbe8be2-b1a1-402f-ab18-a082baca4866','2023-06-26 14:16:42','2023-06-26 14:16:42'),('tech','https://m.media-amazon.com/images/I/61dZiWSQqVL._AC_SL1000_.jpg','e599a11b-86a4-421c-bfac-86ed7d5e1181','f066cb9a-2081-47c5-8a6c-b2208959be99','2023-06-26 14:16:43','2023-06-26 14:16:43'),('shoe','https://m.media-amazon.com/images/I/61ND8w6ptNL._AC_UX695_.jpg','c59b0753-9caf-4964-a9c1-e49760f64063','f0d926bf-d80b-40c2-8a40-04e44b4be2a4','2023-06-26 14:16:42','2023-06-26 14:16:42'),('dressings','https://m.media-amazon.com/images/I/71-86EnDpiL._AC_UY500_.jpg','f77a16a2-0772-4264-87b0-dcdffcefbc2b','f1e09989-e222-49f7-a59e-e9ad3385fa0c','2023-06-26 14:16:42','2023-06-26 14:16:42'),('shoe','https://m.media-amazon.com/images/I/611rCsCE4lL._AC_UY695_.jpg','e7147735-3bc3-4130-83e6-1a0964ebec63','f2b3db7f-c00e-4727-98a2-56bdcfc54d11','2023-06-26 14:16:42','2023-06-26 14:16:42'),('shoe','https://m.media-amazon.com/images/I/81rjL+YM7vL._AC_UX695_.jpg','2fffab74-fb58-472a-82c2-d92c96fa2914','f3026bd5-8d19-41db-be3c-1eb365015dbd','2023-06-26 14:16:42','2023-06-26 14:16:42'),('tech','https://m.media-amazon.com/images/I/51AlLW71o2L._AC_SL1000_.jpg','44074998-d8f2-45d8-beb7-a9292a3017db','f3207118-26a6-424d-9527-e4d1f8dfab6e','2023-06-26 14:16:43','2023-06-26 14:16:43'),('dressings','https://m.media-amazon.com/images/I/71C1ZyHWroL._AC_UX466_.jpg','7eb44990-024d-45c1-a08d-8a37fc15c2a0','f3235c22-2a27-47e6-bcc8-d3a42f371b0e','2023-06-26 14:16:42','2023-06-26 14:16:42'),('tech','https://m.media-amazon.com/images/I/61kC1LVhhbL._AC_SL1500_.jpg','23f2ed15-689f-4559-a8de-d28f7d21fe8c','f3491870-6d0c-43b9-924e-06c27379cd85','2023-06-26 14:16:43','2023-06-26 14:16:43'),('tech','https://m.media-amazon.com/images/I/71YqHRYSluL._AC_SL1500_.jpg','759a58db-213c-4353-887d-4f3a6077e140','f43fa145-f1ec-4ec4-81f0-d7e987dd8468','2023-06-26 14:16:43','2023-06-26 14:16:43'),('tech','https://m.media-amazon.com/images/I/51CHPyFpnoL._AC_SL1500_.jpg','5e117f9c-c36d-434f-9794-fb5d860aabd5','f45b946e-b7e6-4df2-a9a3-5e80af2aafa4','2023-06-26 14:16:43','2023-06-26 14:16:43'),('tech','https://m.media-amazon.com/images/I/714FBLxykTL._AC_SL1500_.jpg','3339ed9d-6642-4b75-a42c-deb8a1cd78c9','f484a733-5aeb-4b1f-98a6-4000f8443f02','2023-06-26 14:16:43','2023-06-26 14:16:43'),('tech','https://m.media-amazon.com/images/I/7196Kgq1VSL._AC_SL1500_.jpg','5812cdb4-f4cb-4d10-85c2-935aaa7f15d7','f48acb32-413e-4cb4-ba9c-4e2c7836ef1f','2023-06-26 14:16:43','2023-06-26 14:16:43'),('tech','https://m.media-amazon.com/images/I/61cz1B793YL._AC_SL1000_.jpg','44074998-d8f2-45d8-beb7-a9292a3017db','f4f52445-accd-45b4-b9c9-823facb81b9e','2023-06-26 14:16:43','2023-06-26 14:16:43'),('shoe','https://m.media-amazon.com/images/I/51yRvmA7YcL._AC_UX695_.jpg','0a190748-831f-4235-8e51-3ff95098f2e9','f72bff42-5d34-48b0-afe5-5e04c6381e21','2023-06-26 14:16:42','2023-06-26 14:16:42'),('tech','https://m.media-amazon.com/images/I/71EWRyqzw0L._AC_SL1500_.jpg','759a58db-213c-4353-887d-4f3a6077e140','f77e4757-21df-45ea-b4b7-79d8829baeb0','2023-06-26 14:16:43','2023-06-26 14:16:43'),('jewelry','https://m.media-amazon.com/images/I/51WeeWb1IsL._AC_.jpg','83d643d1-25cb-4d1a-9463-18ccd18596be','f7811200-6014-4c67-98de-9d9d55f1451d','2023-06-26 14:16:42','2023-06-26 14:16:42'),('tech','https://m.media-amazon.com/images/I/71JZSuHSLmL._AC_SL1500_.jpg','88e1d353-e448-4763-938c-78e64fa9c4b6','f7cbab65-b670-4638-8ea4-24ca1063376a','2023-06-26 14:16:43','2023-06-26 14:16:43'),('dressings','https://m.media-amazon.com/images/I/7172RW+0uaL._AC_UX425_.jpg','943c01a1-d731-4de5-bf5e-8ef209820423','f84edb1d-fc6c-40e1-8752-76927a65035e','2023-06-26 14:16:42','2023-06-26 14:16:42'),('shoe','https://m.media-amazon.com/images/I/51Qq-3tcVVL._AC_UY695_.jpg','6ca2f161-9b15-4005-966c-746e8f0689f6','f9350181-1a2a-44fe-b093-0e1d0b0c50a1','2023-06-26 14:16:42','2023-06-26 14:16:42'),('shoe','https://m.media-amazon.com/images/I/814JI0Tx6dL._AC_UX695_.jpg','2fffab74-fb58-472a-82c2-d92c96fa2914','fa8e683e-c88d-4d5f-92e1-f242b4c3cb69','2023-06-26 14:16:42','2023-06-26 14:16:42'),('dressings','https://m.media-amazon.com/images/I/51VtkoRFH4S._AC_UX466_.jpg','937da544-b2b2-4bbd-b857-d18ec707833b','fb545cbc-9469-43e7-9058-4a08bd07483e','2023-06-26 14:16:42','2023-06-26 14:16:42'),('dressings','https://m.media-amazon.com/images/I/81U97fviCDL._AC_UY500_.jpg','3444d63f-c142-430f-bde5-09ead3260f55','fb69edd6-a447-49a5-bb96-2e326dde5b83','2023-06-26 14:16:42','2023-06-26 14:16:42'),('tech','https://m.media-amazon.com/images/I/61yxQRsEPJL._AC_SL1500_.jpg','86c0809a-e5fb-4b1f-8ac3-3080b82cce92','fb95e77b-28cc-4993-8c3b-7a946bee37a8','2023-06-26 14:16:43','2023-06-26 14:16:43'),('tech','https://m.media-amazon.com/images/I/81EqEzFjSHL._AC_SL1500_.jpg','e33ec436-018c-4ff1-a23b-78a7474076b4','fbdaf683-6230-4f4c-9d21-b0b54073f130','2023-06-26 14:16:43','2023-06-26 14:16:43'),('tech','https://m.media-amazon.com/images/I/71ZkVHK7tZL._AC_SL1500_.jpg','dcd1f810-42da-4973-aa0f-71d5d7a991ec','fcb483f6-a2aa-4e74-b9fb-094b19183597','2023-06-26 14:16:43','2023-06-26 14:16:43'),('dressings','https://m.media-amazon.com/images/I/51Pk8mp2WjL._AC_UX466_.jpg','750a4e7f-02dd-4e4e-98fa-53554c222aa2','fcc09429-df3a-456e-9358-ca62caa1b60a','2023-06-26 14:16:42','2023-06-26 14:16:42'),('tech','https://m.media-amazon.com/images/I/81UdDsOpdAL._AC_SL1500_.jpg','88e1d353-e448-4763-938c-78e64fa9c4b6','fe79f63a-2e59-44aa-96a5-db48ab97e6b6','2023-06-26 14:16:43','2023-06-26 14:16:43'),('tech','https://m.media-amazon.com/images/I/51zJRYlPSFL._AC_SL1500_.jpg','6da752b9-bb50-4284-8cdf-19293a79f75e','ff24e0a7-51c7-45dc-acc2-ded81203b276','2023-06-26 14:16:43','2023-06-26 14:16:43'),('shoe','https://m.media-amazon.com/images/I/61pwkNVg0pL._AC_UX695_.jpg','bf16b3bf-5cb0-4ee5-96e3-594769afb171','ff34c014-e582-48a3-b442-4555ea9b170f','2023-06-26 14:16:42','2023-06-26 14:16:42'),('tech','https://m.media-amazon.com/images/I/71Wd7lv1bUL._AC_SL1500_.jpg','59049101-0514-4345-9ab6-9ad67f6a49fd','ffff58f8-a492-4875-9768-67cb619c55b9','2023-06-26 14:16:43','2023-06-26 14:16:43');
/*!40000 ALTER TABLE `urls` ENABLE KEYS */;
UNLOCK TABLES;

--
-- Table structure for table `users`
--

DROP TABLE IF EXISTS `users`;
/*!40101 SET @saved_cs_client     = @@character_set_client */;
/*!50503 SET character_set_client = utf8mb4 */;
CREATE TABLE `users` (
  `first_name` varchar(128) DEFAULT NULL,
  `Last_name` varchar(128) DEFAULT NULL,
  `email` varchar(128) NOT NULL,
  `password` varchar(128) NOT NULL,
  `id` varchar(60) NOT NULL,
  `created_at` datetime NOT NULL,
  `updated_at` datetime NOT NULL,
  PRIMARY KEY (`id`)
) ENGINE=InnoDB DEFAULT CHARSET=utf8mb4 COLLATE=utf8mb4_0900_ai_ci;
/*!40101 SET character_set_client = @saved_cs_client */;

--
-- Dumping data for table `users`
--

LOCK TABLES `users` WRITE;
/*!40000 ALTER TABLE `users` DISABLE KEYS */;
/*!40000 ALTER TABLE `users` ENABLE KEYS */;
UNLOCK TABLES;
/*!40103 SET TIME_ZONE=@OLD_TIME_ZONE */;

/*!40101 SET SQL_MODE=@OLD_SQL_MODE */;
/*!40014 SET FOREIGN_KEY_CHECKS=@OLD_FOREIGN_KEY_CHECKS */;
/*!40014 SET UNIQUE_CHECKS=@OLD_UNIQUE_CHECKS */;
/*!40101 SET CHARACTER_SET_CLIENT=@OLD_CHARACTER_SET_CLIENT */;
/*!40101 SET CHARACTER_SET_RESULTS=@OLD_CHARACTER_SET_RESULTS */;
/*!40101 SET COLLATION_CONNECTION=@OLD_COLLATION_CONNECTION */;
/*!40111 SET SQL_NOTES=@OLD_SQL_NOTES */;

-- Dump completed on 2023-06-26 14:39:38
